,baseMean,log2FoldChange,lfcSE,stat,pvalue,padj
b3364,3977.13015459138,7.3835555547329,0.770371851502765,8.28633022128273,1.16796219602259e-16,2.19649890489498e-14
b2971,1883.40734586891,7.13973180246464,0.674767962118477,9.09902684648596,9.11448152056696e-20,3.91792498505514e-17
b3261,3480.17880302774,5.83579751538437,0.448354994065171,10.7856443652805,4.0241313389911e-27,6.0543055995121e-24
b2533,8918.94113531817,5.68945740809741,0.33642902192943,13.9389205521071,3.67455649405195e-44,1.10567404906023e-40
b3437,2318.94125142594,5.49305458913393,0.465106653359385,9.66026728854848,4.44702154284222e-22,2.67621756448245e-19
b3366,76.915711272939,5.47006516124419,0.927236209508675,4.82084836140383,1.42948990778777e-06,2.40864262086701e-05
b2796,8230.43700027297,5.37935561985897,0.518479097455117,8.44654228368016,3.00057349159237e-17,6.44908974014388e-15
b3936,2994.21843856612,5.33660223499388,0.461940852142739,9.387786801878,6.12742068800093e-21,3.07290147503247e-18
b1475,2148.67759315636,5.29712191353454,0.54295253382958,7.91436018030134,2.4852784479553e-15,3.42637023892614e-13
b1821,1284.4520756352,5.27913140054861,0.971495641381768,4.4046840956099,1.05938142875331e-05,0.000143589131491834
b3552,2310.34258109425,5.06816960113768,0.695660821942522,5.84792110295641,4.97754525530657e-09,1.76205102037853e-07
b1047,786.431427632286,4.9213627853822,0.386622301857684,10.1426192088258,3.57386370290417e-24,3.58458529401289e-21
b4476,2364.27317336733,4.78480549404766,0.496737303327071,7.61933011412191,2.54995569731087e-14,3.1970069555035e-12
b2069,1956.95741575255,4.78179345996458,0.670428698525667,5.64085855554973,1.69204319916769e-08,5.09135798629558e-07
b2250,659.931250067633,4.6870953010785,0.584516258731221,6.30794309996079,2.82768125149679e-10,1.39483489930391e-08
b3556,17064.4809362832,4.66611012672366,0.72977722266185,5.02360174157202,5.07113406030485e-07,9.97323031859953e-06
b2968,310.887022796239,4.6101647244507,0.473361524218509,7.62665434291656,2.40924440708427e-14,3.15192018300721e-12
b0990,1507.74909911275,4.60703207898114,0.837235906439952,4.30826252342516,1.6454201589793e-05,0.000212492242848443
b3260,42819.8326097913,4.50741849764794,0.560032437141298,6.26288454924444,3.77920425375862e-10,1.83413316121931e-08
b0010,1682.37252467323,4.4916542825488,0.653361987917411,5.34413441112243,9.08501372277907e-08,2.27806719098685e-06
b2498,7192.56719248127,4.47212464314162,0.395831873653292,8.77171565567971,1.75964301959934e-18,5.2947658459744e-16
b3686,850.390215135685,4.46381328489956,0.76412550625861,4.53304235564578,5.81401510837063e-06,8.2520620099468e-05
b4469,2200.59834538953,4.44048129900679,0.417216913553872,8.2462651614495,1.6342182628096e-16,2.89256632517299e-14
b1109,9017.7158664513,4.42065736289879,0.576380636879962,5.93471942675823,2.94348426132872e-09,1.15025248601794e-07
b1172,301.350113845327,4.34255871760253,0.679941149398567,4.91595297704684,8.8351604697592e-07,1.57307679606541e-05
b0777,202.700919941692,4.34141208459696,0.815029509977345,4.09974368251996,4.13607965229993e-05,0.000459242201984151
b3539,890.864158183845,4.31729262275386,0.624769083531013,5.3096299259968,1.09848052870428e-07,2.70928517284522e-06
b2562,1313.98839937213,4.3126426287128,0.495252401439697,6.68879670059743,2.25013062032832e-11,1.38176388501386e-09
b0238,3883.92864969929,4.25877942808367,0.325482623567798,10.0121456327295,1.34796813726383e-23,1.01400903125671e-20
b2972,1077.36403826194,4.24319412499558,0.740311861178375,4.38084852488152,1.18218035656377e-05,0.000156040011353631
b2765,541.313860604203,4.21445555206778,0.46003185732066,6.98746293526186,2.79901485237127e-12,2.27627991642842e-10
b3257,84.2920042987064,4.20712610567429,0.54466885817957,5.88821273239923,3.90394402803594e-09,1.43255702199514e-07
b4011,164.687533032941,4.16232985780405,0.483920713613743,6.53480987451213,6.36903971432945e-11,3.4844437273486e-09
b0774,229.028032682037,4.16154457790897,0.697788414327987,4.53080692225842,5.87588217060406e-06,8.30071805227588e-05
b3669,214.084880259141,4.1556856811525,0.487230239045212,6.47678536401283,9.36973260422222e-11,4.77856362815333e-09
b2945,719.060993301025,4.11519103413649,0.659707248282835,4.72208095673509,2.33443718228357e-06,3.69701130604804e-05
b0905,5477.50382353928,4.09262796784261,0.62821897864738,4.92285026870942,8.52927127003847e-07,1.52765340783011e-05
b0775,662.785164608816,4.08556295520347,0.792774161152798,3.89210837890662,9.93768310116936e-05,0.00093738208311657
b1722,1562.9760458252,4.07755469808467,0.700925592508748,4.3907009973334,1.12985818711457e-05,0.000151099701556789
b2208,675.009151363484,4.06791975053115,0.92616741007088,3.31248942380338,0.00092469622228754,0.00660905209706225
b3986,180200.666245221,4.03848332954401,0.453521000271684,6.69976324739935,2.08757479808606e-11,1.33649203562573e-09
b3365,6183.25486009028,4.02318764824023,0.919255890446558,3.28873350680584,0.00100639264161716,0.00714206476091048
b1073,783.515914892808,4.01685823382281,0.894735942261434,3.37178612295124,0.000746824197352033,0.00549436188223048
b4203,9878.98860861834,3.9863805265421,0.339606823300994,8.79364112156035,1.44789545282297e-18,4.84079713060479e-16
b4202,11028.7033127897,3.9852457430907,0.595843511253613,5.0101170638075,5.43969362267979e-07,1.04255019813016e-05
b1656,8356.40532866842,3.98426643643019,0.655029381512053,4.55592759753981,5.21549004061697e-06,7.61815996709537e-05
b4108,4199.56573466043,3.97336040820239,0.521379161257583,5.70287542952533,1.17803075236755e-08,3.69239013945204e-07
b3084,1383.79899147619,3.95198202451826,0.631736739001248,4.67280410062145,2.97115129696727e-06,4.65635117321589e-05
b3231,39915.3250309432,3.94755028516696,0.444487668548244,6.63134321542384,3.32645749449099e-11,1.88854916998554e-09
b3321,36610.8717851936,3.94315080224858,0.557651784984954,5.2777573415783,1.30774479328788e-07,3.05039076201801e-06
b0776,161.474778673692,3.93491595805215,0.950535999732148,3.08764313911223,0.00201750583771206,0.0126099216490696
b4315,30226.6738076261,3.9184917828187,1.05032360303831,2.77865961916524,0.00545836883580634,0.0301916026230538
b3637,14813.0263105139,3.90278080729367,0.320571930351016,9.05500617011357,1.36560066208926e-19,5.13636549028324e-17
b3470,733.028318129381,3.89565324612599,0.580672322172474,4.98672510391482,6.14113459448046e-07,1.14065888856739e-05
b3704,2581.78480945218,3.86668588419976,0.539394354355722,5.31463828097324,1.06869401019019e-07,2.65760353443165e-06
b3984,69401.1983443741,3.86132229481522,0.382883215625561,7.47309408729328,7.83307980602162e-14,9.06528351396886e-12
b2609,51207.0250451905,3.84927887312839,0.597121847525216,4.77168752899813,1.8268877406475e-06,2.95543290946684e-05
b1904,34.105546195717,3.82992647946929,1.00376660434644,2.81930726447298,0.00481274238376788,0.0271189921961752
b1634,6066.41001283945,3.82930493286084,0.383635486133723,7.37498233381527,1.64366846152783e-13,1.76635657169187e-11
b0797,2138.69314458527,3.82720234001184,0.543997488535245,5.19708711822237,2.02435507811448e-07,4.46406811215862e-06
b3795,3210.90995860143,3.80089084634161,0.422197717689383,6.63407386868507,3.26546275662251e-11,1.88854916998554e-09
b4155,1746.63301171034,3.79740849851308,0.449490528802571,6.22350932724943,4.86155900544388e-10,2.28569235115322e-08
b0805,7095.55855029113,3.79323389764554,0.910547229639654,3.06764306860936,0.00215754153626844,0.0132835906596732
b3230,4263.87020476613,3.75054259460719,0.483652605118367,5.68702115009602,1.29274451592033e-08,3.96925331469823e-07
b0961,454.915911803382,3.74334901389481,0.422557244271948,6.49225412907431,8.45614565232805e-11,4.38699004618191e-09
b2497,902.646384253963,3.74000664843319,0.411775050507042,6.65413469091744,2.84971616091882e-11,1.71495918564094e-09
b0849,2021.32786361018,3.70841700312331,0.452510069401725,5.98531875037428,2.15966497873494e-09,8.66457589468459e-08
b3985,200423.502549161,3.66008616469235,0.477957004037503,5.56553443556948,2.61350163669498e-08,7.41889285359925e-07
b1476,3981.41671268726,3.65710616603911,0.388136758693037,6.84579882355465,7.60502908073123e-12,5.32175174509774e-10
b3162,17570.9092322984,3.65655799010857,0.671952848332951,3.9534886959691,7.70199042287399e-05,0.000775093283693238
b0113,12428.7469571093,3.65465570754242,0.732611628225319,3.62355114943106,0.000290585706029769,0.00239554079299609
b2508,18092.5010134035,3.65262631556896,0.311394108643836,8.51855010077585,1.6156314475027e-17,3.85412753557237e-15
b3983,29956.6077695048,3.63819530012894,0.405510856286878,6.50585615459467,7.72521221705099e-11,4.15092206448329e-09
b1207,17118.1938302219,3.62515072402267,0.408029230723077,6.43373201319568,1.24508302554253e-10,6.24409137309579e-09
b3687,5457.74361871954,3.61153880318826,0.639330050695152,4.08480533700661,4.41137833317747e-05,0.000486135430930448
b2185,13574.5740381277,3.57873744772575,0.443469858815655,5.81491029539777,6.06664099624247e-09,2.12261892531321e-07
b0405,3405.79032544294,3.5734513230327,0.514620057925068,5.00068212150294,5.71278352063485e-07,1.08111733418807e-05
b1282,1441.04499003022,3.56690863408167,0.374170385089009,6.86026670301832,6.87321055709779e-12,4.92416442054934e-10
b4200,21063.7811527798,3.5619313255682,0.49858620537359,5.13839191288606,2.77099502927987e-07,5.83071611405814e-06
b3302,13005.894291879,3.54979610960426,0.381041032312029,6.69165757328799,2.20656724699724e-11,1.38176388501386e-09
b3703,4530.82567414722,3.51655237541675,0.318012771033805,7.91336891042416,2.50515604042456e-15,3.42637023892614e-13
b3471,570.163578718016,3.50806143963088,0.349889777814521,7.16814722423933,7.60195286113053e-13,7.1482112997318e-11
b3077,130.966319200213,3.50406063019009,0.513699403597643,4.87456402061819,1.09049017492383e-06,1.90772380020104e-05
b3184,4408.9911544543,3.48048919628555,0.492909357106451,5.03234349383602,4.84520118494597e-07,9.59158576677791e-06
b3314,106183.230188596,3.47933995630209,0.539771888065131,4.59331063940647,4.36268895782966e-06,6.53101048463157e-05
b1074,393.066294265676,3.46351018867383,0.759804157704853,3.24229627291772,0.00118570688229873,0.00814564385579196
b0884,15277.569317125,3.44687886667593,0.422659059488063,5.7892497788635,7.07014943211846e-09,2.41750905014142e-07
b3341,51080.3522553144,3.44607369115961,0.427886457946385,5.71664198698737,1.08649689362694e-08,3.44133595044574e-07
b1101,22828.5584940233,3.44580216239586,0.809813366765143,3.02020473206782,0.00252603872116986,0.0151764763540382
b2296,27581.5069784628,3.43302665791272,0.393170514724272,6.18822258230373,6.08463734125892e-10,2.77404147876486e-08
b0469,1450.72799638395,3.41395001667721,0.330341508175732,7.30743777858232,2.72284337660056e-13,2.82518473110037e-11
b0169,115867.291833893,3.41378167350324,0.498582638514666,4.84128705462783,1.29000865119463e-06,2.19933840090823e-05
b3668,519.615516999369,3.38514842371255,0.535087364994097,4.4574934482687,8.2923570772247e-06,0.000113934714362416
b3862,726.627378264501,3.35972018865774,0.445726943571187,5.29409366584739,1.19608119653203e-07,2.85031724433564e-06
b4060,180.16895257688,3.33500464895483,0.71996736042269,3.24320903600957,0.00118191461924613,0.00813817182908834
b2792,377.750318622335,3.32602132579463,0.381444290781758,6.09793194447221,1.0744947051967e-09,4.6187922399098e-08
b2156,3955.53863734222,3.31350715525181,0.319082814436666,7.2504912536147,4.15262695835609e-13,4.16508483923116e-11
b3319,86350.1295552004,3.31098619784105,0.482700966660221,4.78761460502271,1.68775360383146e-06,2.76002749670046e-05
b3315,55403.4699891334,3.30349918682813,0.5649016130521,4.07769978630895,4.54834424552486e-05,0.000492301001251234
b2140,945.754864009303,3.29297485283222,0.403090504538146,5.68848639949847,1.28170317865057e-08,3.96925331469823e-07
b2845,1203.33830593864,3.28912239445691,0.474993849550699,4.81926744235153,1.44086298356949e-06,2.40864262086701e-05
b3262,368.38044120996,3.27586975250786,0.260234268973752,8.745465235931,2.22098603771304e-18,6.0754063522532e-16
b3303,57732.2790269854,3.27489712382292,0.404232856118251,5.6276898064848,1.82639144617133e-08,5.44119986290054e-07
b3076,945.983509708529,3.27133314336735,0.528374851400438,4.29871546184922,1.71790846930286e-05,0.000219033329836115
b3183,6008.97116849322,3.25523378145098,0.545619663178508,4.13334403733382,3.57522935497761e-05,0.000409044301487742
b3775,624.037048671505,3.24409989969675,0.481466654316849,4.66096640250381,3.14728101358503e-06,4.9068230932007e-05
b0023,20345.5955398523,3.2353211400097,0.385687925213449,5.7956731177742,6.80476918484685e-09,2.35351154910393e-07
b2944,184.415654212533,3.21800258164457,0.365449677201865,6.0692421419746,1.28515254792261e-09,5.3708666898599e-08
b3636,489.493357621359,3.20686522812379,0.622920110130533,3.54277409291112,0.000395941723854926,0.00312700432304323
b1086,3756.65125101779,3.17153157958568,0.423682406190883,5.12537586610887,2.96944756891091e-07,6.16211567920893e-06
b2552,9118.03590733876,3.14967027332512,0.698401188144375,3.0779877093805,0.00208403510178862,0.0129030074511974
b1286,8065.45214353983,3.13940813303038,0.467747201506543,4.5738555487658,4.78830027010175e-06,7.132671045909e-05
b0605,115218.470024129,3.13818226608931,0.500845231117634,4.26914769921632,1.96221308348169e-05,0.000244991666730141
b1915,2210.64026148413,3.13281178352492,0.551764636943688,3.86543761727627,0.000110890190534542,0.00103623783639266
b3705,19304.7088988713,3.11117642941928,0.513662767148717,4.11004371825152,3.95584215794654e-05,0.000444237215812168
b0945,2123.48964237811,3.10162502287553,0.615052056075333,3.41698723240772,0.000633182490319996,0.00473941819246982
b3301,51934.8034416184,3.097247883991,0.435102119842024,4.82012793859167,1.43466185722109e-06,2.40864262086701e-05
b2579,11367.7428433883,3.09201495894038,0.608434735113902,3.43835556750182,0.000585258656328282,0.0044026082422295
b1125,768.960368715569,3.08710354738853,0.429039832543676,4.86459155788539,1.14693406023017e-06,1.99486970360264e-05
b1453,651.810860431023,3.07880807047566,0.707065149276564,2.94005166652973,0.00328157522246293,0.0191361624891298
b3074,302.673261103711,3.06748160683,0.51694309104131,3.9994375447892,6.34932001529593e-05,0.000658796687104325
b4156,490.106567315477,3.0669348969391,0.569743088942195,3.62783671632884,0.000285805910282688,0.00236260984626541
b1055,3267.25612749248,3.0652416000621,0.45414491067081,4.54753879551699,5.42769173256041e-06,7.85188674195878e-05
b1226,1675.11618814593,3.05225112253286,0.699609142245542,2.93342524934097,0.00335244370174449,0.019511611409186
b1126,3507.37813940175,3.04230070458992,0.349195255154794,5.84859236900168,4.95750321760379e-09,1.76205102037853e-07
b0815,1053.77301650634,3.02765837658846,0.465334683390036,4.3574193993378,1.31604938775892e-05,0.000172925441387187
b2607,186402.269719424,3.0229432186694,0.629394420102984,3.21411050695112,0.00130849304007007,0.00876894333534707
b0120,7905.39314671724,3.0203001951435,0.553565671952698,3.64961249858018,0.000262636200540406,0.00220746460174883
b3313,146291.326041428,3.02012014697875,0.487387495448692,4.14479272825623,3.40121216854129e-05,0.000392116759200794
b4537,2636.81582422207,3.01730266296473,0.499235039582408,4.04078741077977,5.32720334693458e-05,0.000566415366463822
b0032,4314.9423084772,3.00940211153188,0.694505716558381,2.89328376084428,0.00381236700108028,0.0219758856441581
b3918,765.548916376181,3.00030747088418,0.475824900810264,4.20387303707294,2.62386152485158e-05,0.000315807973131136
b0835,7915.58554261531,3.00009454128963,0.606503506850478,3.29774604548612,0.000974642412874716,0.00693309461073291
b3165,19275.2110904969,2.98748751528748,0.496155238163598,4.00577755188819,6.1813802182007e-05,0.000645825454047428
b3300,149403.82087389,2.9791702598702,0.507635401288263,3.89880267382361,9.66695111268523e-05,0.000914712449624838
b3311,10502.77742644,2.9764964244885,0.526268025240942,3.7556840425249,0.000172868671205019,0.00152988774016442
b2322,383.487153185755,2.97123036642751,0.513916556263888,3.83570122892736,0.000125206541937154,0.00113323627839634
b2206,3846.0005362024,2.9661156760381,0.661613567810214,2.97169793924493,0.00296157899662676,0.017507644795383
b1089,2422.32440708453,2.95912240987547,0.393036624304009,4.9845797789066,6.20966207223016e-07,1.14631123775095e-05
b3305,73805.3590040052,2.95152282782981,0.508275076923241,3.83950131815046,0.000123284467642285,0.00112754700041227
b0911,168877.577418823,2.94840607857807,0.44755799237389,4.35341589643733,1.34032529464434e-05,0.000175349513547167
b0423,3133.39472981599,2.94489072469728,0.3674433519716,5.29303555027334,1.2030252244288e-07,2.85031724433564e-06
b1075,775.067500067093,2.94416130153742,0.706887308379486,2.75031292610747,0.00595383769204957,0.0322213985888078
b3643,2001.46270257043,2.93968403694576,0.505691663916788,3.83570498655665,0.000125204627462961,0.00113323627839634
b2517,3901.41622464275,2.92875479163101,0.345240115520912,5.58670532455602,2.31417903384888e-08,6.63177591700122e-07
b3065,4141.30982186069,2.92648725723426,0.292958229008358,6.57597932563722,4.83339710973548e-11,2.69327627836927e-09
b3310,66280.1647717163,2.91746386099334,0.51599831681165,3.71602735613817,0.000202379680488352,0.0017448723741818
b1600,219.29142218791,2.91173006492164,0.591512729860944,3.23193393550645,0.00122955479279335,0.00837043070478552
b3965,2285.60879330181,2.89853612859009,0.408777149570435,4.64442821861539,3.41019587211156e-06,5.20877125846888e-05
b3317,61913.8942571748,2.88200298079367,0.567409438872858,3.31683410930247,0.000910436572698031,0.00652262773154375
b1281,2174.93380846628,2.8797868806365,0.282935441711346,6.64387207649396,3.05547790288902e-11,1.80273196270452e-09
b1798,1476.39722537708,2.8727507429395,0.365044250254748,5.13020200053169,2.894314184399e-07,6.04791068115042e-06
b2558,759.031935279769,2.86965885849213,0.362872052518183,5.15239144353352,2.57185497596317e-07,5.52765115905228e-06
b3320,124878.865020705,2.84296291366669,0.552628009307347,3.33490681367495,0.000853279882923175,0.00620173712008655
b1253,688.637931196757,2.8410493136586,0.256255687693976,7.18442322286015,6.74914955702731e-13,6.55102936035328e-11
b0820,6446.55575870028,2.83904583497997,0.469888983108515,3.91378793947009,9.08594374319185e-05,0.000876269382155906
b2582,1532.50801077596,2.83432586974515,0.426240996397573,4.30349470193665,1.68124870326774e-05,0.000215271376516282
b2937,3553.85027674233,2.82898265991576,0.442971252673297,4.12889696312795,3.64507693610028e-05,0.000415455928057794
b0954,2830.97238455678,2.81876119166452,0.597541739673175,3.04373915813695,0.00233657636858179,0.0141749159134327
b2187,1716.60747595911,2.81642707140386,0.324320120343749,5.60072273492812,2.13459932150637e-08,6.17597053693524e-07
b3298,65994.3131335278,2.81068866746353,0.341832294951821,5.29700877946227,1.17715037632514e-07,2.83363638588989e-06
b3492,1537.46441228733,2.80920799590019,0.445489127751119,4.06117205381259,4.88269699883631e-05,0.000526596246218582
b1528,966.1382466443,2.80793632619913,0.502740581585499,3.59616150440336,0.000322947341261972,0.00261926832845626
b0967,2903.06089896549,2.79962057824561,0.421183019656134,4.27277571568501,1.93054616084079e-05,0.000242042224915414
b2297,14216.6531238327,2.79751620000264,0.36041214502018,4.98739075483153,6.1200204863544e-07,1.14065888856739e-05
b0635,2822.53561223567,2.79430630196391,0.455996898185469,3.93490900728475,8.3228222055793e-05,0.000815745016826975
b3340,225642.585671736,2.78781928128046,0.419866788383301,4.25806310654974,2.06205744962937e-05,0.000255015221948052
b1269,2785.88079485324,2.78256795149016,0.510504468004048,3.49177737554302,0.000479817984394814,0.0037019802949846
b2576,5608.43709661394,2.77748791386567,0.511295277643075,3.47644109302042,0.00050811583737252,0.00388050902196424
b1660,964.131711471483,2.76721221619639,0.49431420106525,3.57507879075301,0.000350122438810541,0.00279447856334461
b0433,920.983436652003,2.76463271694163,0.36670780802131,4.81209474775919,1.49356511862816e-06,2.48294886295697e-05
b3294,9339.64716490084,2.75366814489723,0.411907857374649,4.25742824153556,2.06792004504236e-05,0.000255015221948052
b3306,73796.3983468641,2.72509606487096,0.535193132282795,3.22331502557366,0.00126716110073299,0.00852995022842411
b3297,84316.0100455116,2.72442410609653,0.393598350016271,4.38117717217373,1.18039837275808e-05,0.000156040011353631
b0114,96819.0140147108,2.71593168386344,0.555706691068361,3.08783700366198,0.00201619022959582,0.0126099216490696
b1630,791.919522447651,2.69465222374683,0.492068885505751,3.44393289977085,0.000573317968256498,0.00433445669970805
b0033,5557.68693887355,2.69025148750397,0.529625894224532,3.19140643600669,0.00141581959285154,0.00938370298433981
b2365,803.055470227948,2.68682260350737,0.528898498380416,3.18931252153812,0.00142611609321405,0.00941441859138446
b0059,8772.55034310887,2.68215977387997,0.532398997581922,3.15958478795057,0.00157994121744576,0.0102237486522458
b3740,1375.43010238907,2.66837711834465,0.340518869097121,4.89951444619889,9.60737866220931e-07,1.70050602321105e-05
b1605,793.323680138029,2.66152258719382,0.42171919917232,3.93987892999602,8.1522740498379e-05,0.000805048753386557
b3741,12968.4649988849,2.65899951286323,0.507651788020582,3.26798713608779,0.00108315288612598,0.0075972191942962
b0661,5995.87498671148,2.65372337923564,0.536352398176805,3.08327768246597,0.00204734019079675,0.0127545478967027
b0170,84531.762742343,2.64951288377524,0.583174128937474,2.82850833383264,0.00467654834679002,0.0265004406318101
b0873,522.042005668995,2.63432494779066,0.54637577759615,2.99121047236224,0.00277873899428745,0.0164915692974575
b3175,10008.8301402933,2.62723149533559,0.388553793923475,4.18791817448082,2.8152497412481e-05,0.000333507341394312
b3185,9029.23484929715,2.62418494015265,0.450695185595977,3.60373261588075,0.000313679755075421,0.00255097941357282
b1907,1177.66226579111,2.61894220506416,0.57566175130966,2.81231504678047,0.00491863013489676,0.0276638468708493
b3739,4639.23391491176,2.60975039237723,0.402063871543238,4.00371808140466,6.23546663807532e-05,0.000649222114670195
b0833,984.016875188542,2.60931268729871,0.453390194661127,3.54950924446334,0.000385949913940595,0.00305611392380856
b3309,97209.694557847,2.60862907789466,0.57649654721491,2.79035336059868,0.00526505441492364,0.0293380532120467
b0477,3831.09208130385,2.60707412441971,0.533314802654225,3.01336868285214,0.00258364828805484,0.0154249954340417
b0121,9777.74899361103,2.60690945109091,0.584938821164749,2.74714105637779,0.00601172729922133,0.0324180778554785
b0434,2301.38931135424,2.60567508026907,0.224438348994152,7.1541921755578,8.41670866852938e-13,7.67450799503179e-11
b0411,6188.55066797647,2.60347380721179,0.542265640327589,2.9569895047068,0.00310658691879429,0.0182216764886004
b0606,40171.8331272545,2.59854354497368,0.528324734711754,3.02568371296457,0.00248071650500852,0.0149889075573707
b3612,8085.9641773831,2.58450255536919,0.315902589417385,5.01579476854389,5.2814682770265e-07,1.02528632552082e-05
b3308,81362.8312052831,2.57481031807991,0.495414831205063,3.17877103971493,0.00147900868724223,0.00973815566720323
b0401,2692.37356579756,2.56779894595335,0.459628564322565,3.41101286484249,0.000647220376811447,0.00483247174646562
b3342,37861.5656429067,2.56763428728047,0.60028642835,2.61147714365191,0.00901520139059855,0.0462125059357939
b3318,49518.7250266507,2.55534345810005,0.598074828646623,2.60058337786865,0.00930654005396778,0.0473830440311151
b3367,488.243350540927,2.50731173895761,0.453688443871727,3.32234986215292,0.000892626943007694,0.00642563270696208
b3640,1975.64867748885,2.50679881069064,0.271345369250557,5.55306624488322,2.80701636239549e-08,7.8937497518206e-07
b3295,180238.723254073,2.50193069622071,0.434830193815845,3.45406256874791,0.000552209243223456,0.00419595356782671
b3180,2827.87881059591,2.50026192650922,0.402361626623281,3.72864067356471,0.000192515430783483,0.00166459462996408
b1088,36132.1093135706,2.49001123615143,0.45326329907023,3.28729733734865,0.00101153968027637,0.00716170093635671
b1835,1537.05198871186,2.48392706753589,0.268268155162099,5.53150658765011,3.17491937123506e-08,8.68484762549662e-07
b3635,2209.30888205788,2.48382640599711,0.523176066017764,2.83618938704801,0.00456553639933263,0.0259691853035764
b1203,10402.4410769247,2.48172736985265,0.368991068599712,4.01561852289723,5.92900927615482e-05,0.000621616338395466
b2813,2816.55003168795,2.47231972656701,0.35264090929335,4.17512457507372,2.97823031763497e-05,0.000350058399443892
b1123,6494.87116821148,2.46580441689113,0.380374230262659,3.85358497046172,0.000116400841469103,0.00107110132104138
b2748,2748.51806934522,2.45549192019302,0.295268653951264,4.92938177051892,8.24902379886828e-07,1.48630614435896e-05
b2193,879.413333386601,2.4437903494875,0.506662115721811,2.84961181167181,0.00437726171803106,0.0250402671284324
b1876,8359.91444709693,2.43838396011069,0.339399535858459,4.23802571347814,2.25493948344902e-05,0.000275817597792606
b2996,1369.8372093714,2.41209433656879,0.424916598518909,3.32322705559349,0.000889824546527546,0.00642082028897215
b2081,5534.93462440842,2.4065352792099,0.521381252276463,2.69770973365203,0.00698182888654712,0.036856707227404
b3396,2245.55249969741,2.40520353249951,0.336922174117686,4.1707065917504,3.03656626859587e-05,0.000355526377517703
b2812,1835.96771299581,2.36662213624883,0.442424805027401,3.08893651693917,0.0020087435698735,0.0126099216490696
b1750,123.372886882541,2.36328089917435,0.493449691841455,2.76275559943478,0.0057315665755266,0.0313568796831992
b0948,6297.22590383832,2.33323282720898,0.325662264770983,4.09391253280929,4.24154372896247e-05,0.000469220775016474
b0125,4492.89414912215,2.33108370411979,0.256777068383305,5.18381065918553,2.17397637943357e-07,4.74021371428668e-06
b1705,674.027264976968,2.32723575267282,0.353507662457195,3.75447520273631,0.000173705039921309,0.00153278142264873
b1344,2901.31761917816,2.32313156362542,0.489656669531153,2.70216183288654,0.00688902224301734,0.0364948379035901
b3930,935.1878842822,2.31771547065518,0.337005277574695,3.91007369421125,9.22679669810038e-05,0.000881378770304255
b0402,1470.5048748983,2.31384429332783,0.410291541130699,3.20222125395781,0.00136372210641728,0.00906403235893523
b0960,923.733248593416,2.31056710748353,0.360471975926244,3.63569762702352,0.000277229363315895,0.00231075665988235
b3589,97.4468711261887,2.30908283952483,0.400174190120757,3.2712825360621,0.00107060891854276,0.0075616168836277
b1435,2631.91241370918,2.30779728754396,0.384447084775162,3.40176148899348,0.000669530426173097,0.00498667587216547
b3296,328478.871992889,2.30311822100847,0.398437175387501,3.27057388593601,0.00107329500449877,0.0075616168836277
b0914,4964.30988536955,2.30020482522497,0.423952384266098,3.06686522703664,0.00216316365012957,0.0132835906596732
b3871,20782.3808140499,2.26959150291438,0.460955855755858,2.75425832443879,0.00588253172382702,0.0319504295252626
b3031,1770.8947940525,2.26822621055427,0.363278604524032,3.49105671173755,0.000481114117299398,0.00370248690269536
b2174,808.881847053918,2.25129286007279,0.402855907543804,3.10605563091247,0.00189601041990778,0.0119854944401313
b1124,1411.06339796672,2.23594693917345,0.34163515765037,3.61773930901549,0.000297187505891225,0.00243661363821988
b2066,2211.63059290556,2.21681379721071,0.25406028878674,4.78946868486051,1.67223491028569e-06,2.74959281150254e-05
b3299,15782.9041374128,2.20502144588775,0.453186284425429,2.65899804848581,0.0078373416961406,0.0405896061337127
b4147,4790.45063769791,2.20186491415659,0.381883745296034,3.14720102376944,0.00164841589052641,0.0105533689672212
b0636,568.072261949755,2.1939477813497,0.457694170613713,2.60861478691931,0.0090909516037279,0.0465215533598933
b3667,494.142285295074,2.19083330966844,0.419534891534392,2.83846071851885,0.00453316986736819,0.025833916914604
b3614,1504.60693589903,2.18505444331241,0.365233160034654,3.24465183610373,0.00117594305953962,0.00811562538108882
b0868,1559.96983156947,2.18494421506082,0.328764206691926,3.60423729512377,0.000313070928572313,0.00255097941357282
b0143,6459.38694625845,2.18437276855249,0.372946166371602,3.17572045337072,0.00149464906678231,0.00979825499335068
b1211,4311.40586213638,2.18229469329072,0.363391782743774,3.2534987014947,0.0011399324630189,0.0079033566387647
b2211,1859.16112336727,2.18001236373713,0.39779797957716,2.96636087742684,0.00301346663956128,0.0177100021844529
b0766,886.93553616814,2.17753640102748,0.276725824165529,4.25524579998399,2.08819485689088e-05,0.000256464421403456
b1288,4681.92765794584,2.16399336353016,0.324441336892639,3.58768514110561,0.000333626824856837,0.00268417945453001
b1254,1669.15155851282,2.15941831768086,0.344708112468225,3.36347847858594,0.00076966837108114,0.00563487135908309
b2400,22284.3022393907,2.14905941395767,0.428029697992616,2.68453198305294,0.00726314336961473,0.0381410094226365
b1812,1128.8422482229,2.14216232828263,0.373938703045392,3.05441057312537,0.00225503233234907,0.013735611919106
b2832,636.550007343138,2.13265698377576,0.381723434503296,2.96721888518473,0.00300506941763544,0.0176952130678377
b1091,6713.17483818058,2.1314825241986,0.362856198396995,3.11826704131609,0.00181917892902637,0.0115727471404658
b2949,624.811548814847,2.12181674174535,0.260060202389603,4.31368095324606,1.60558607084112e-05,0.000208241745136248
b0949,6056.88631664887,2.10141303529025,0.353692097673155,3.11404479358217,0.00184541471013376,0.0117148794573681
b0415,5009.19607123252,2.09433640974315,0.329747992058216,3.31870530253282,0.000904358158774762,0.0064945434361653
b1628,668.744747180694,2.0935873121298,0.408636208351678,2.67618798769943,0.00744648645877167,0.038967787399033
b2952,648.693013032628,2.06484518101044,0.309314186787466,3.44260052236825,0.000576149695262017,0.00434494845374288
b1714,9341.37628667295,2.05649899701658,0.394118691196704,2.68066199501634,0.00734766909293075,0.0385176590603286
b1749,2255.97443531219,2.03840446823129,0.263122690663517,3.94646491951244,7.93135362149683e-05,0.000792871862029367
b3189,5882.64373965351,2.03834353943279,0.322127336183922,3.22339467284434,0.00126680877241719,0.00852995022842411
b3250,1193.51268980365,2.02621531002942,0.373234420544443,2.74951948036428,0.00596827151716083,0.032241524228253
b2569,8548.75993665242,1.98939427301759,0.359629948298883,2.75114538624387,0.00593872796475458,0.0321975359386424
b1094,56651.2074320296,1.98101662223678,0.301251207423273,3.25647366072928,0.00112805396019292,0.00783906320143305
b0406,11464.7993992155,1.96169719225391,0.312148749862833,3.08089394135491,0.00206380146511878,0.0128040796052421
b0408,11333.8497260907,1.9542825442676,0.327703608170177,2.91202940851367,0.00359088825750998,0.0207389304546018
b1054,1265.61420930573,1.87534603887147,0.273371266985457,3.2020411235027,0.00136457516071707,0.00906403235893523
b2953,475.27108068761,1.87507681050815,0.322212253993876,2.71583963571039,0.00661079307102068,0.0352068607977013
b2566,4822.67694192862,1.86920961468457,0.314773187457716,2.76138390853679,0.00575569749524376,0.0314317491164945
b3981,14907.3338195372,1.86569097739256,0.317069486357063,2.73028788527975,0.0063279039926222,0.0339378586727097
b0859,1347.33465531557,1.86184241266245,0.305581144260535,2.82033897984116,0.00479729428656284,0.0270871670532592
b0632,5324.20889154959,1.85707174644688,0.266852238121777,3.21178399131791,0.00131913519216463,0.00882061731827413
b4022,1123.41584861547,1.83043388040704,0.311247667218788,2.66808065688505,0.00762859420345641,0.0396449740210714
b0407,5957.52563213612,1.76091400963132,0.290506577662364,2.61926602748279,0.00881191983511189,0.0452475542386547
b0175,5349.63120545149,1.74962041874079,0.254415643185653,2.94643996475396,0.00321454812986095,0.0187816996558283
b1804,2391.81646904115,1.72929236052782,0.279753302766811,2.60691242360675,0.0091362724262766,0.0466740980147136
b2791,732.258107617199,1.67966807259744,0.222412390760714,3.05589122203478,0.00224392648644051,0.0136956892448265
b0076,285.695797617558,-2.01271665889406,0.359083015457008,-2.82028560333094,0.00479809240258796,0.0270871670532592
b3430,5272.15419880119,-2.04032762485128,0.374571967337308,-2.77737715464021,0.00547995505141216,0.0301999720690461
b1976,3151.56587791744,-2.04970720831161,0.393286283589144,-2.66906640814409,0.00760624097867952,0.0395971956831257
b2922,6113.67990534245,-2.07151188128229,0.381715863459189,-2.80709287681163,0.00499908260707264,0.0280638797848537
b0454,201.975457960281,-2.09493428245167,0.348826684432884,-3.13890631455502,0.00169579654743599,0.0108107029899044
b1598,849.224948766296,-2.10209591268099,0.39656638990511,-2.77909560854287,0.00545104784127238,0.0301916026230538
b0710,4048.06560587247,-2.11028192061523,0.296558974204315,-3.7438823882979,0.00018119849539083,0.0015895809697697
b1529,815.746428240366,-2.12672593265823,0.355229043827459,-3.17182942171108,0.0015148195498875,0.00988740135707482
b2147,1094.59692461983,-2.17790301706443,0.372993070756896,-3.15797560172947,0.00158868853714912,0.0102363250712671
b3253,2144.71778170625,-2.18925484390129,0.402666692581509,-2.95344726994166,0.00314246289656162,0.0183962468010776
b3068,1333.76321263245,-2.21686628932854,0.405585823897324,-3.00026829743584,0.00269741891296213,0.0160723435823823
b1778,5171.82667159441,-2.31743324838367,0.432724207399471,-3.04451016572659,0.00233059553716727,0.0141671959016895
b3110,5571.31665906579,-2.3487508212565,0.425782234976514,-3.16770102287356,0.00153649443474169,0.00998555454457394
b1706,2835.17793814291,-2.35094557108664,0.285839384246525,-4.72624013883793,2.28715154607653e-06,3.66065904369376e-05
b0457,1494.15741294496,-2.35173651292225,0.492301693380375,-2.74574824969745,0.00603730718280071,0.0324977769464174
b3405,2988.62287827424,-2.35232519702437,0.429883972732303,-3.14579115017737,0.0016563823957097,0.0105818569611263
b1448,1010.79712983666,-2.36112677361835,0.364690839215486,-3.7322757449745,0.000189757610630603,0.00164547737863829
b2440,263.629203118995,-2.36162949840828,0.492058670697472,-2.76720964286277,0.00565383844044362,0.0310956200257389
b3945,2445.92638593216,-2.36519028889037,0.361220460633427,-3.77938250368322,0.000157217757664627,0.00139961015625107
b3351,530.998855400101,-2.37100319680189,0.326932741569472,-4.19353286617992,2.7464326348326e-05,0.000326640940640763
b3233,9953.81918335617,-2.37739142708808,0.361187098208111,-3.81351225977193,0.000137005725915356,0.00122693520618841
b3093,1246.8082971009,-2.40188306537312,0.534259206721628,-2.62397549304858,0.0086910038360473,0.0447795043538807
b3450,1725.15543254147,-2.41327724692687,0.48345979171523,-2.92325705497207,0.00346390420058328,0.0200440148837598
b0654,567.497044069641,-2.41937824807946,0.541389874869207,-2.62173031666387,0.00874846277381137,0.0449985033955529
b3431,4566.05116259958,-2.43817679253541,0.445779941272572,-3.22620346808302,0.00125444144456819,0.00848227934091165
b3433,13409.6061016508,-2.44541599493681,0.397814104754235,-3.63339554244759,0.000279715716951962,0.00232504031024434
b3236,46353.8365645095,-2.47022279152192,0.490631083334444,-2.9965952860751,0.00273012900557945,0.0162350952130209
b2840,1243.55747924134,-2.47319044111473,0.39337759422927,-3.74497801279479,0.000180409574847143,0.00158728775062881
b2741,14675.9305750993,-2.48609713786097,0.538331587651035,-2.76056091069341,0.00577021968911694,0.0314539692836103
b4056,3147.21290361338,-2.49717212445391,0.329403310341032,-4.54510345662248,5.49082779371701e-06,7.90521570875334e-05
b3519,980.437554062201,-2.50009369817392,0.549998729907564,-2.72744938597592,0.00638260486040396,0.0340518759307722
b4219,2942.68856923756,-2.50442753917106,0.395897383144803,-3.80004416099109,0.00014467030468249,0.00129172981243208
b4019,6180.72363188583,-2.50610204162485,0.450519057865099,-3.34303735953347,0.00082866742720392,0.0060374341124857
b3429,3561.49916834346,-2.51177361170842,0.413215119891595,-3.65856315254153,0.000253633245704084,0.00214377088854941
b4551,722.006455983848,-2.51489179540046,0.472620117188394,-3.20530536112707,0.0013491926198967,0.00900159776778084
b2251,776.503755387622,-2.52669563840585,0.579562872410928,-2.63421918670349,0.00843310287815722,0.0435252256610207
b1000,5112.64756331045,-2.55071875014866,0.595603000262343,-2.60361138118112,0.00922472885227254,0.04704611714659
b1661,19561.4772732387,-2.56804755967941,0.591208723897179,-2.65227405533366,0.00799516184795663,0.0413358109974252
b2154,1112.75961086184,-2.58384460443022,0.386173097882485,-4.10138513820608,4.1068435271402e-05,0.000457684895302403
b1985,994.027294710253,-2.58594705076616,0.490437763696764,-3.23373762821972,0.00122181644901908,0.00835213974876837
b1163,751.857405238862,-2.58939404619766,0.401453478248638,-3.95909895495607,7.5233062598358e-05,0.000764784747832632
b1792,611.286032442132,-2.59476909230672,0.393361254429823,-4.05420990081582,5.03040333346089e-05,0.000540588701085137
b0965,2554.83902580325,-2.60167167742177,0.53048669641027,-3.01924947083511,0.00253401775968683,0.0151889630256925
b1422,1314.00935397809,-2.60292322502683,0.455456646006238,-3.51937607911177,0.000432563059850501,0.00338073310932508
b0219,553.061474108696,-2.61091933660229,0.357507317265563,-4.50597584665844,6.60686028269763e-06,9.28973952833512e-05
b2989,2764.97671868977,-2.62322655191458,0.57972073730562,-2.800014640599,0.00511002889170144,0.0285800686526573
b0117,291.218330071442,-2.62499710603993,0.547577416278272,-2.96761162482664,0.00300123284681066,0.0176952130678377
b2224,130.69900056004,-2.63083653417832,0.568618937739036,-2.86806580987772,0.00412989619756885,0.0237607221003531
b2258,113.104633933289,-2.63684835056229,0.614357449987599,-2.66432571232811,0.00771428293452986,0.0400211678448282
b3952,346.394850289135,-2.63805234071782,0.592497747957334,-2.76465580901376,0.00569828864267899,0.0312316038721695
b3598,387.252321997813,-2.64030580340981,0.614081966768762,-2.67115123416005,0.00755915807837689,0.0394887268365209
b2257,726.608692868634,-2.65060699401951,0.446871086681227,-3.69369834660385,0.000221015967886804,0.00189469244265355
b1990,1377.53005303906,-2.66478947578063,0.61785548626538,-2.69446417938834,0.00705019042616638,0.0371524045399906
b3103,3044.39209803981,-2.66724426866449,0.471515508456703,-3.53592668483265,0.000406347448027888,0.00319365001416222
b1906,179.593575033345,-2.68612841636805,0.617345092194816,-2.73125750522037,0.00630931530274473,0.0339013031177837
b2253,1959.74301453792,-2.69610631960278,0.635158051528602,-2.67036891923332,0.00757679485828793,0.0395122629611584
b0866,1940.91471488268,-2.70064101585818,0.379285983421143,-4.48379610688081,7.33267304366086e-06,0.000102148209205442
b2389,227.346324553423,-2.71650794498844,0.559603484988169,-3.06736464485158,0.00215955239725252,0.0132835906596732
b3160,512.961230218368,-2.72764217756279,0.58018130552778,-2.97776257370304,0.00290360815373912,0.0171987341232303
b0607,4236.22355431811,-2.72834701228407,0.52855027648292,-3.26997655508731,0.00107556398344721,0.0075616168836277
b1190,3682.12627248481,-2.74319302948779,0.495678151822627,-3.51678407264474,0.000436808967760891,0.00339627437724166
b2458,393.196001061212,-2.74787949479965,0.548063449200793,-3.18919186701554,0.00142671149141619,0.00941441859138446
b1218,1568.32103254282,-2.78877932762641,0.503585526644472,-3.55208645400421,0.000382189264386832,0.00303432057134559
b2096,47.9545139521457,-2.80479201690727,0.698880683117011,-2.58240363556465,0.00981147583380028,0.0497853807485751
b1189,5493.36582230166,-2.80857999987428,0.532681584211556,-3.39523657937459,0.000685693219617417,0.00508189876312515
b0721,3378.81688391251,-2.81455993063342,0.589857704270346,-3.07626723783837,0.00209609887041281,0.0129510503102097
b0210,646.13808030707,-2.81671141091801,0.424457263288636,-4.28008086572103,1.86825418160154e-05,0.000235212419767324
b1127,3453.97638339034,-2.81985710442957,0.595025693145322,-3.05845129948887,0.00222484238390884,0.0136345228781705
b2255,1717.82322465531,-2.82750889427425,0.706640108378791,-2.58619468751499,0.0097042100421185,0.0493242702985381
b2256,975.214646272208,-2.8590776258949,0.506691814399055,-3.66905004790693,0.00024345342021265,0.00206935407180753
b1261,3329.43107730439,-2.8594542334474,0.558749914291554,-3.32788280747215,0.000875086702215461,0.00632965357443827
b3953,156.84375304682,-2.86083674425531,0.600521536915673,-3.09870109540569,0.00194371010559542,0.0122356144513318
b1064,6229.47541595463,-2.8627939750549,0.57469286456362,-3.2413730705868,0.00118955395063122,0.0081534574884951
b2163,418.343760742847,-2.88333554628627,0.518692694379023,-3.63092745800284,0.000282404559335771,0.00234092374391553
b0724,7142.53977456418,-2.88556209036131,0.606825637305393,-3.10725515608429,0.00188833336217256,0.011962094919531
b4382,4897.29209044009,-2.9092983634989,0.556385953151845,-3.43160777636998,0.000600014660796448,0.00450235439984167
b0653,845.297986660896,-2.92264634107485,0.490813501188413,-3.91726457487318,8.9559438820215e-05,0.000866509168520987
b1607,154.606092116824,-2.9273147573784,0.472157913056544,-4.08192832118772,4.46635730438588e-05,0.000486930040902069
b3769,3870.43970990066,-2.92978598630716,0.599732069265604,-3.2177468659801,0.00129201788768857,0.00867786121440824
b1815,260.849086471333,-2.93180527361201,0.554015153036615,-3.48691775490902,0.000488621596321946,0.00374112565733521
b1702,29154.2202231941,-2.94246693092828,0.404089754203739,-4.80701851685382,1.53197806340179e-06,2.53281428174505e-05
b3922,4287.14973552539,-2.96313865067349,0.700448168050722,-2.80268939261661,0.00506784509936357,0.0283969197467132
b3291,9260.81117010069,-2.98911065638671,0.59669697068146,-3.33353570425377,0.000857496652052091,0.00621736729162588
b4231,508.69979496483,-3.00344937789708,0.516550483767164,-3.87851611963669,0.00010509556386673,0.000988226723984345
b1263,771.46391531471,-3.00547257282711,0.685332319167739,-2.92627753972341,0.00343044749412924,0.0198886637954429
b3770,5431.01830088085,-3.0164417416628,0.522047457635559,-3.86256404886178,0.000112203134749487,0.00104526078161364
b1276,5220.77290900453,-3.02087010241438,0.669139557176911,-3.02010257910981,0.00252689087848891,0.0151764763540382
b0451,1764.93894317623,-3.04935865407617,0.646766540027368,-3.16862194817537,0.00153163479506301,0.00997551752888439
b0760,3585.17807869178,-3.0513471589322,0.569078025542965,-3.6046852397349,0.000312531471559799,0.00255097941357282
b2341,1470.99171183002,-3.06826718280512,0.390441139344849,-5.29725731841585,1.17554983898895e-07,2.83363638588989e-06
b3771,8015.49090567542,-3.07158615994064,0.637545526019599,-3.24931487304791,0.00115683349329196,0.00800209650877125
b1689,48.0509095565983,-3.07682594408157,0.764891656671852,-2.71518969512378,0.00662378177121941,0.0352137090982318
b0906,1308.97475989522,-3.08175631901327,0.571178635657532,-3.64466769072479,0.00026773751953213,0.00224407297011749
b1283,3010.13645367026,-3.14184600976705,0.796107922136085,-2.69039655329661,0.00713671575198785,0.0375426183526774
b1002,3354.53352238202,-3.14754584449824,0.544442778211005,-3.94448403109488,7.99719822780784e-05,0.000794834084062137
b2903,11527.5973545911,-3.15299459584044,0.50963835966947,-4.22455365651201,2.39414806946583e-05,0.000290483529879947
b3049,5137.01771298968,-3.15396687172557,0.77242724139371,-2.78856927396698,0.00529414237073068,0.029391281168872
b2223,168.749561489107,-3.16155920573615,0.773028664616932,-2.79622128476606,0.00517039857373644,0.0288640617966103
b4554,1709.61516608238,-3.16675378660694,0.513523862058219,-4.21938286942017,2.44971952992321e-05,0.000296032372109997
b3474,518.470700929036,-3.16826546561345,0.580665412741201,-3.73410473232342,0.000188384095142352,0.0016382882724952
b1648,157.852421483263,-3.1773855662361,0.797815183034105,-2.72918542105887,0.00634909932592714,0.0339378586727097
b2137,496.64245287551,-3.19053312034484,0.769293837180466,-2.847459597978,0.00440696876846577,0.025162370065111
b2347,438.974418665083,-3.21817535525528,0.795394432369057,-2.78877405345737,0.00529079626373659,0.029391281168872
b0344,1271.74848852989,-3.23781776784021,0.708586158567091,-3.15814490698709,0.00158776612236595,0.0102363250712671
b3846,1628.6585346381,-3.27527127504946,0.721649082274048,-3.15287766718925,0.0016166954248193,0.010377904888792
b4107,499.425534524026,-3.27916236057899,0.805404745737575,-2.82983477889961,0.00465720475726538,0.0264406209709652
b2128,221.197303400618,-3.28729768358219,0.756626391367454,-3.02302128194121,0.00250264642561413,0.0150911084061582
b0968,615.730600811778,-3.29186209823919,0.555321997417882,-4.12708682331298,3.67387712237853e-05,0.000417158349480641
b0722,2285.30347065725,-3.30678015023327,0.655756697073759,-3.51773784473268,0.00043524211108687,0.00339285884005283
b0487,1008.19013345439,-3.31646862168854,0.453212777094127,-5.11121649425041,3.20090908142262e-07,6.5969420726032e-06
b4067,1057.85309158786,-3.33347994672768,0.86302741004802,-2.70383063105475,0.0068545217349451,0.036376112699206
b0801,6916.79948531108,-3.33769371435365,0.463786815627491,-5.04044883464575,4.64441290170909e-07,9.31669228082843e-06
b0708,1406.11743964755,-3.39021326582767,0.707888892981487,-3.37653732037038,0.000734044130157327,0.00541357545991028
b4544,172.4676549757,-3.40062876028609,0.595275400253045,-4.03280357170077,5.51153474243343e-05,0.000581902036490604
b3270,375.467113005914,-3.41263480709565,0.658435894985287,-3.66419088854438,0.00024812169132758,0.0021030934343794
b0808,460.514435202031,-3.42262659593267,0.763213764449566,-3.17424384723968,0.00150227424140582,0.00982683302693503
b0728,30512.5766638514,-3.42407739546226,0.499385340844229,-4.85412205204956,1.20921248331308e-06,2.0791544927366e-05
b3001,1686.47522030354,-3.4323562819208,0.678972961989802,-3.58240521801122,0.000340445156100376,0.00273173193254942
b3271,602.188426035557,-3.43589847152462,0.790341013755367,-3.08208536458238,0.00205555879965607,0.012779290140837
b2842,935.824115405474,-3.43760065854026,0.554639730860852,-4.3949261527963,1.10810417456722e-05,0.000148852029521106
b3091,2240.17517571703,-3.43839376477754,0.521550712267535,-4.67527645428032,2.93557893979358e-06,4.62468954441827e-05
b0435,3286.63397703892,-3.44113742614249,0.755677004341038,-3.23039792413851,0.00123618036843275,0.00837833453341194
b2148,857.650050385235,-3.44663475276067,0.884323624397406,-2.76667351777224,0.0056631438265553,0.0310956200257389
b2130,312.312205916938,-3.45036736510379,0.80715049685049,-3.0358246382368,0.00239878834159652,0.0145230465188409
b1285,4707.66700664018,-3.46439881623837,0.697757393693003,-3.53188491947768,0.000412608875578957,0.00323317736098198
b3453,2016.77058005887,-3.4765460953951,0.845701436445482,-2.92839291583106,0.00340719174920311,0.0197919690605254
b1006,232.82164643767,-3.47722339861679,0.595959895626394,-4.15669479909056,3.22884870490757e-05,0.000373677144348726
b0652,891.967866637432,-3.47725779263299,0.449972551963664,-5.50535311947879,3.6842902646145e-08,9.89824054127235e-07
b2833,633.226333863571,-3.49560223732552,0.771866122451159,-3.23320607646365,0.00122409226627014,0.00835213974876837
b0727,73011.1061887798,-3.49965740729445,0.626197405811108,-3.99180415648108,6.55725163570464e-05,0.000675711307254632
b3657,1238.09373028506,-3.49967669961142,0.58062659539332,-4.30513641545841,1.66882867449759e-05,0.000214594251348856
b1725,1213.54775605566,-3.50017917743828,0.714507810815014,-3.49916283572382,0.000466721458196337,0.00361949708173396
b3523,835.54141845228,-3.52823165209008,0.602367335943441,-4.19715927678965,2.70283851716414e-05,0.000322731789609004
b2301,1195.82960215992,-3.53838502068455,0.415641665507504,-6.10714764985158,1.01427402162754e-09,4.42311671170617e-08
b0999,578.080816189073,-3.5582647659926,0.706597790099539,-3.62053887209612,0.000293990075894359,0.0024169839846069
b2095,92.3812167185613,-3.56591463789705,0.930122662444421,-2.75868414081393,0.00580345984982765,0.0315779578447222
b4051,2352.51810294781,-3.57392865524694,0.525472736984283,-4.89831055749696,9.66641721922525e-07,1.70095025804964e-05
b0221,1446.97012002062,-3.58553788467427,0.653465595954945,-3.95665494967012,7.60065938518022e-05,0.000770046602357147
b3125,1594.51467877143,-3.59077993225522,0.762475731366033,-3.3978523193304,0.000679170725374819,0.0050459869448218
b3081,622.531232336018,-3.60727645701435,0.484435883402417,-5.38208779808433,7.36268353845025e-08,1.86170712329385e-06
b3950,194.023106673055,-3.62269788104323,0.831883746602595,-3.15272162937947,0.00161755978492637,0.010377904888792
b3569,1717.28879618911,-3.65246549317956,0.554334056348808,-4.7849585692973,1.71022606654401e-06,2.78165958607076e-05
b1009,104.501020017377,-3.65849592839403,0.869806766075087,-3.05642130192918,0.00223996273490002,0.0136956892448265
b2587,2545.49371547857,-3.67109216461498,0.614420718137409,-4.34733414054181,1.37802204113189e-05,0.000179500793150037
b3098,6483.73611347162,-3.73250714567962,0.679943656101802,-4.01872584758774,5.85137056582407e-05,0.000615621469670092
b1428,708.925988932082,-3.75399307333494,0.651544299659268,-4.22687002982786,2.36964446257419e-05,0.000288674501533836
b0723,19729.3931802239,-3.76443430220213,0.52328473141887,-5.28284915691397,1.2719011387848e-07,2.98996134890896e-06
b2535,1608.64158988164,-3.78513031511143,0.649725889057539,-4.28662357775432,1.81409304097884e-05,0.000229353191609468
b1020,4341.59075463103,-3.78939916204839,0.610413200925521,-4.56969010142482,4.88445934837576e-06,7.19817841088663e-05
b3361,1443.94803210604,-3.79257722962831,0.856927169965931,-3.25882680291178,0.00111873943377823,0.00780418803675406
b3951,1117.42255928507,-3.83659695643945,0.678565658591879,-4.18028369181811,2.91145644758192e-05,0.000343551860814666
b1795,15027.6819631712,-3.84475185246574,0.71932233807871,-3.95476645430475,7.66094497612851e-05,0.0007735497796366
b4485,579.898366133286,-3.84879043701844,0.739021011959259,-3.85481656261147,0.00011581643539732,0.00107065958984143
b3548,1042.07865064724,-3.85661883870435,0.718694494254382,-3.9747331606707,7.04582072197354e-05,0.000723579336260013
b2866,1600.17786955426,-3.86051081073595,0.732001900599629,-3.90779150763505,9.31436281940309e-05,0.000886927776062782
b4189,1313.66186794821,-3.87043683660964,0.353704601401984,-8.11535056437502,4.84384440807948e-16,7.67111990732166e-14
b1617,38374.5501976928,-3.90887838938995,0.75468339896012,-3.85443537435446,0.00011599701770964,0.00107065958984143
b1723,6531.63905489302,-3.91219622416432,0.554773328430161,-5.24934432663687,1.52641528854481e-07,3.47953303275101e-06
b3562,137.862031461615,-3.91238692766418,0.64769244975,-4.49655840327971,6.90622157055339e-06,9.66549800269541e-05
b1611,2469.88942473659,-3.91985222360017,0.509879109880825,-5.72655785855325,1.02488818516396e-08,3.3160091926434e-07
b4015,839.433480759707,-3.93783788877767,0.761433067506064,-3.85830089885645,0.00011417802600602,0.00106037555633369
b0382,3571.60494313934,-3.9557462523503,0.477580271012804,-6.18900409366169,6.05455111681658e-10,2.77404147876486e-08
b4268,687.101285892905,-3.95860366715132,0.69436700300253,-4.26086443387711,2.03637732676748e-05,0.000253200800671212
b3012,2345.28082572478,-3.96441045964364,0.848420485858116,-3.4940345136119,0.00047577950592483,0.0036802584404314
b3524,2470.04340749388,-3.97099920079487,0.794175713734986,-3.74098470831139,0.000183300674456201,0.00159870066503974
b0788,175.438729060018,-3.98925398949876,0.968246667535748,-3.0872855954223,0.00201993427545748,0.0126099216490696
b1668,1319.92996284941,-3.99834982613875,0.729678807102357,-4.10913650904233,3.9714127967256e-05,0.000444237215812168
b3494,510.656697161,-4.00326664856596,0.767857626843809,-3.91122851889946,9.18278359376813e-05,0.000879968020179882
b3239,1520.72509300399,-4.02830613433219,0.85646368887809,-3.53582548058642,0.0004065031423809,0.00319365001416222
b2129,417.156953826044,-4.02885211694409,0.819552174708141,-3.69574044266642,0.000219246874536318,0.0018848967013708
b3099,1669.32167334285,-4.03705178422305,0.846434331306303,-3.58805364089611,0.000333155757659576,0.00268417945453001
b0720,25490.4213396722,-4.05071020242963,0.443300075181304,-6.88181747134134,5.90937024923227e-12,4.33690123900973e-10
b0880,4016.09241759113,-4.05814896894099,0.778278266480046,-3.92937731998122,8.51661131602325e-05,0.000829336033977798
b0072,9862.60813178564,-4.06812819036415,0.834798848319569,-3.6752903966509,0.00023757902458732,0.00202514245037747
b1480,1184.16418645998,-4.09097842863962,1.11287728474059,-2.77746564785004,0.00547846307804158,0.0301999720690461
b3092,8123.60368535478,-4.10648472466553,0.617234531089516,-5.0329081867505,4.8309452973282e-07,9.59158576677791e-06
b2664,671.375633763079,-4.11021046792127,0.891248916036411,-3.48972145935738,0.000483524238641435,0.00371154192365326
b3845,451.695729677546,-4.12996239890334,0.54298348519162,-5.76437863077689,8.19592323520809e-09,2.74017033497124e-07
b2150,11174.6438767114,-4.13241446500064,0.9298850584853,-3.36860393273021,0.000755499070841707,0.00554462610771389
b2162,679.177663071441,-4.13471502104334,0.56843699434851,-5.51462176496106,3.49530842454825e-08,9.47511986438351e-07
b2131,1410.50952384754,-4.14358035637833,0.811418549406589,-3.87417857119155,0.000106984946005145,0.00100285888638467
b4014,2098.2657987152,-4.1450372216426,0.688304785024326,-4.56925084652935,4.89470664320822e-06,7.19817841088663e-05
b1415,3252.08492327148,-4.15441881162653,0.515669852480136,-6.1171286171864,9.52764675866443e-10,4.27890882042108e-08
b2706,1468.59110890275,-4.1545985633601,0.96727680893767,-3.26131933921242,0.00110895073052939,0.00776007615851843
b3830,1864.72390104861,-4.16779068860873,0.550507126269775,-5.75431368177486,8.6994491534632e-09,2.84528722856204e-07
b1217,2998.81175424099,-4.16886492176174,0.719905739496923,-4.40177754934441,1.07367607777602e-05,0.000144874050135787
b0419,4286.68735798783,-4.17734247480633,0.714935365745677,-4.44423737730803,8.82041770203355e-06,0.000120639258479177
b2149,5880.53527234245,-4.17739558538194,0.890603742383847,-3.56768721505382,0.000360146049124604,0.00286687688311093
b2094,51.6029112423561,-4.19622474886346,1.11873929537538,-2.85698800612078,0.00427681998596492,0.0245122882624161
b1519,833.170200392779,-4.21347948984997,0.781990023469625,-4.10936123659484,3.96755033586811e-05,0.000444237215812168
b2702,6908.48767981151,-4.22254834869185,1.1807921852364,-2.72914098601243,0.00634995494607363,0.0339378586727097
b3097,31213.9463760762,-4.22271881986471,0.622344261459297,-5.17835387813805,2.23852305980354e-07,4.8458387675891e-06
b3563,138.550867042638,-4.24267045214062,0.709734278471168,-4.56885140045036,4.90404311808494e-06,7.19817841088663e-05
b1732,1796.5531572651,-4.24663427385331,0.969899433737451,-3.34739268930449,0.000815755641295168,0.00595778816664359
b1724,11760.7929599116,-4.25290592641739,0.65072051331189,-4.99892943263997,5.7649494489562e-07,1.08417080574433e-05
b0073,8087.49884913216,-4.25451803349185,0.845611217423238,-3.84871672280919,0.000118738220455435,0.00108927836997074
b3671,6466.50003137082,-4.26319462020312,0.823021699631471,-3.96489499810795,7.34282623002052e-05,0.000748968275462093
b2905,22916.9152776246,-4.26355074685389,0.45922890475285,-7.10658826802351,1.18946597244064e-12,1.02260088887825e-10
b1406,1390.42428866622,-4.280290302429,0.604317716346372,-5.42808892359009,5.69606604365379e-08,1.47753989011675e-06
b4269,2398.30803357394,-4.28331970692516,0.58590073369723,-5.60388393133819,2.09601093776357e-08,6.12320088517533e-07
b3568,2409.97363781433,-4.30466666491796,0.483171986867717,-6.83952454764872,7.94564432886678e-12,5.43373722399094e-10
b0655,23143.5561413996,-4.32743361913441,0.646368133379497,-5.14789242739602,2.63429481911545e-07,5.59858391921501e-06
b3138,297.90069968747,-4.3328550176122,0.665077351335035,-5.01122916142316,5.4083462331294e-07,1.04255019813016e-05
b0453,589.757068163893,-4.34651323424324,0.796985106721406,-4.19896583514583,2.6813676857514e-05,0.000321443640096652
b2112,367.080117357275,-4.36620256191749,0.920611537210758,-3.65648530988033,0.000255697057326737,0.00215516091175393
b3949,585.031528142283,-4.41152036149037,0.76174782633745,-4.47854295547289,7.51542487613963e-06,0.000104211582729512
b1197,1425.91570701584,-4.44638271627007,0.749963388108179,-4.59540128347298,4.31917239147133e-06,6.49819486296861e-05
b2574,2354.22814139194,-4.45090379594807,0.993924600397895,-3.47199756859482,0.000516601015618439,0.0039353226734073
b0581,1365.44558019769,-4.4650919574896,1.02403426063924,-3.38376565187044,0.000714990020219098,0.00528600729935938
b3515,1087.57660759255,-4.5011769748396,0.6873235174575,-5.0939286753797,3.50718754424687e-07,7.15731730737108e-06
b2843,1490.66477590194,-4.51117742664503,0.661767522696931,-5.30575663842761,1.12206576514303e-07,2.74495600594745e-06
b0334,348.605258320226,-4.51917071318509,0.983688150502842,-3.57752679178473,0.000346860675868671,0.00277580790874689
b4735,8149.04805744494,-4.52650756375787,0.509683470274472,-6.91901497582175,4.54794789402726e-12,3.60125663503369e-10
b3128,1498.13205740052,-4.53574079776007,0.894921297551681,-3.9508958021595,7.7859219215315e-05,0.000780927968729609
b3141,253.252949094408,-4.55791751472566,0.78407415167957,-4.53773091116985,5.68627526562303e-06,8.14762013059986e-05
b0836,13218.5157015116,-4.55824402141682,0.905282519456882,-3.9305343303785,8.47572898527473e-05,0.000828034692100379
b1440,850.583591815985,-4.5584332168894,0.990743332226482,-3.59168020731726,0.000328552867115823,0.00265756875578364
b1739,2529.67367855882,-4.56272130158986,0.873706935860497,-4.07770747302241,4.54819392137218e-05,0.000492301001251234
b0074,19244.482984376,-4.59394100614535,0.89045551821675,-4.03607022767704,5.43539524271545e-05,0.00057588395370883
b2086,1855.38106254067,-4.60089525584315,0.743876742938814,-4.84071493029502,1.29372847112249e-06,2.19933840090823e-05
b4149,885.762273805589,-4.60294471826413,0.918570817805503,-3.92233744902944,8.76940548873066e-05,0.000851198100502922
b3140,233.164822545077,-4.61036625285411,0.709623777318434,-5.08771882827427,3.62396118559561e-07,7.318455843931e-06
b2703,5113.8082317754,-4.6103973674798,1.10802923846112,-3.25839539441584,0.00112044175203648,0.00780418803675406
b4119,3908.60152478978,-4.61550709192453,0.487140582585589,-7.42189671969958,1.15454832248833e-13,1.28667996383977e-11
b4230,215.02695845321,-4.6167839674531,0.665292360310326,-5.43638283440689,5.4373064581306e-08,1.43376544445786e-06
b1441,444.688826349466,-4.61977488536037,0.918807066309889,-3.93964632847035,8.1601817807544e-05,0.000805048753386557
b1195,116.889854882971,-4.62093898680433,0.928359093220066,-3.90036464687915,9.60479128115498e-05,0.000911697696056636
b1646,1224.95433501187,-4.6417277848941,0.783950862454431,-4.64535209961043,3.39496924569816e-06,5.20877125846888e-05
b4460,895.921125270929,-4.65100531667719,0.771561244688007,-4.73197084717952,2.22350352711488e-06,3.57781931181212e-05
b2904,8910.82791727508,-4.6541442161576,0.452495162366978,-8.07554316612574,6.71769374200518e-16,1.01067702348468e-13
b2302,348.293677043531,-4.68996411463226,0.910916085291995,-4.05082770434276,5.10367782029811e-05,0.000544573282314787
b2665,3806.55685547567,-4.70409683770519,0.941276140856295,-3.93518615518662,8.31322347890218e-05,0.000815745016826975
b1010,28.3524160889968,-4.71498601527751,1.29877241240911,-2.86038260420588,0.00423130180159572,0.0242976853454228
b3133,345.228467147073,-4.72929191033376,0.91314752169383,-4.0839971874601,4.42675666583392e-05,0.000486135430930448
b0071,5977.46590010556,-4.73906131651985,0.955971216863982,-3.9112697647798,9.1812152891936e-05,0.000879968020179882
b1341,1366.93971285599,-4.74047961829306,0.898007405567514,-4.16531043630892,3.10929185258546e-05,0.000361230084340913
b4126,2599.13325436977,-4.76444371582101,0.715402840898229,-5.26199156700935,1.42503304389364e-07,3.29238084665783e-06
b4187,3149.03462836398,-4.76979616339507,0.831571834686291,-4.53333795849064,5.80588093346339e-06,8.2520620099468e-05
b1462,202.765241425665,-4.7718482649106,0.930929889421827,-4.05169960463208,5.08469212545265e-05,0.00054447824218815
b3555,3885.4378293437,-4.77967679127234,0.925679302203912,-4.08313849329185,4.44315252786386e-05,0.000486161671139722
b0325,1662.66578843952,-4.83116852247861,0.826648950698886,-4.63457737318795,3.57667440629348e-06,5.43546125683691e-05
b1167,1071.64898558179,-4.83166014333081,1.26979737993096,-3.017536658911,0.00254838216065497,0.0152446956688088
b0061,650.179459077348,-4.83232901621066,0.966312363986031,-3.9659318860439,7.31097402068732e-05,0.000748255810484631
b2543,554.825402369992,-4.83405265348607,0.83156599203082,-4.61064147671875,4.01428335873112e-06,6.06983850573967e-05
b1444,1729.55274967571,-4.83596066404209,1.05463645306148,-3.63723504237577,0.000275580437438986,0.00230339315626086
b1003,1179.97049276226,-4.85193336446913,0.827738210024537,-4.65356475975049,3.26245075545204e-06,5.06016202224494e-05
b1746,808.032518655181,-4.85718917586504,1.00901215952287,-3.82273805073766,0.000131977962897768,0.00118898709688438
b2809,1115.7982210241,-4.87600815089136,0.970588423944517,-3.99346216714504,6.51154723769448e-05,0.000673307410248202
b2976,13038.9068624612,-4.92164850308778,1.02251512015807,-3.83529634503744,0.000125412987938179,0.00113323627839634
b1008,30.8608601212406,-4.96221656775015,1.46796564568405,-2.69912077261441,0.00695229411416323,0.0367652952364098
b1744,772.982083669846,-4.99221574298518,1.04031024131345,-3.83752421580007,0.000124280982076561,0.00113321659111628
b1443,854.672231384766,-5.01058001853858,1.07172257772587,-3.74218114080305,0.000182429935004407,0.00159573161171006
b4671,1608.38906773785,-5.01910758441807,1.06979054228699,-3.75691074612237,0.000172023815761728,0.00152690165671693
b1011,51.5562670990454,-5.02565541307139,1.29697569686654,-3.10387883350265,0.00191001535248327,0.0120487131983693
b0330,478.601041193586,-5.02816537972716,0.69970100532618,-5.75698098053947,8.56315544619802e-09,2.83148733380328e-07
b0789,486.237950724886,-5.02970739556782,0.678801355389903,-5.93650463949525,2.91162680333421e-09,1.15025248601794e-07
b0871,4722.69972111245,-5.03028377803194,0.746816110994396,-5.39662136193817,6.79074843419062e-08,1.73164085071861e-06
b1007,47.6338560674576,-5.03347885976978,1.27507580601471,-3.16332475351136,0.00155978228600438,0.0101150536607483
b1896,1926.0185902029,-5.04949645184428,0.809569537920377,-5.00203659125642,5.67278195956827e-07,1.08034183014816e-05
b1900,1894.53448224887,-5.05351357290542,0.775075557252297,-5.22983022103734,1.69665783237558e-07,3.8098831474762e-06
b3670,544.447101987143,-5.08507906042193,0.802062623176387,-5.09321709100956,3.52038205879335e-07,7.15731730737108e-06
b1927,8889.52083487811,-5.11455530810733,0.786663076430522,-5.2303907878543,1.69152082922395e-07,3.8098831474762e-06
b1745,1224.70504021116,-5.14557041916335,1.00099360614806,-4.14145544357272,3.45108919602972e-05,0.000396348373696695
b4227,2636.58207959756,-5.20532428440357,0.740162583236001,-5.68162236196518,1.3342300592276e-08,4.05525075577358e-07
b1166,1966.05159087924,-5.23624389816949,1.28296080084894,-3.30192777157833,0.00096022793049304,0.00684674370344445
b2135,253.995413336688,-5.26735367713887,1.08190780211876,-3.94428588903959,8.00381281059579e-05,0.000794834084062137
b3126,1469.25282558774,-5.26787565595365,1.02409893952259,-4.16744465914909,3.08033262622697e-05,0.000359252746989029
b3774,75665.7732382426,-5.28860657147528,0.958576694294277,-4.47393160818774,7.67943137227261e-06,0.000105997288987011
b1051,17988.5740142183,-5.29592424684681,1.04251736175659,-4.12072201810471,3.77686908195374e-05,0.000427240566451083
b3564,4657.30260658726,-5.31968439675187,0.732541402558969,-5.89684676069097,3.70513653350891e-09,1.41123491510485e-07
b0953,2750.81369613591,-5.33810483859241,1.34291109848068,-3.23037380769315,0.00123628465697404,0.00837833453341194
b3507,1144.73680252105,-5.35235106473168,1.18250870507582,-3.68060805476491,0.000232678430524064,0.00198900397001963
b3513,847.419941519457,-5.3574825575907,1.26390162818538,-3.44764375677469,0.000565499376845718,0.00428611492425381
b0329,3828.33447552744,-5.38180563753128,1.02025625531976,-4.29480889206405,1.74843885102189e-05,0.000221985337667716
b1442,74.6735872518858,-5.40371233809087,1.15361975402549,-3.81729969751677,0.000134920243146588,0.00121186570635249
b2672,2421.1256009978,-5.42753382639379,0.653298941013161,-6.77719424973719,1.22532096000508e-11,8.01519732316363e-10
b2464,3264.66170456185,-5.49658530330904,0.810688421707275,-5.54662578483534,2.91235133368606e-08,8.03969281014804e-07
b1897,1539.34046692821,-5.50981891889335,0.913503898133241,-4.93683598735509,7.94001906108115e-07,1.43924803342128e-05
b1748,1219.53218045292,-5.55394800729864,1.00006678736997,-4.55364388140002,5.27245811042352e-06,7.66416736920984e-05
b0486,3010.53054649554,-5.58255581200543,1.04605074568555,-4.38081596988124,1.18235701524187e-05,0.000156040011353631
b4069,6425.26036590937,-5.59484136690825,0.796303200958813,-5.77021586925142,7.91700481941399e-09,2.67665926984457e-07
b3139,313.424925423456,-5.64091724844485,0.892728541384146,-5.19857608814574,2.00820920360894e-07,4.46406811215862e-06
b1004,6148.1247884543,-5.68951526265159,0.77811656303207,-6.02675162751716,1.67287779060463e-09,6.80228279990451e-08
b3136,1674.5849372069,-5.71851428627031,0.776290456492424,-6.07828454775853,1.21475056448712e-09,5.14814711062216e-08
b1188,5534.89603202017,-5.76849176343421,0.833951810886895,-5.71794641031236,1.07819132501088e-08,3.44133595044574e-07
b1901,2111.01217179082,-5.79776328740231,0.884386009949864,-5.42496515483584,5.79658469648677e-08,1.49076267963493e-06
b0062,2873.79763226018,-5.81440801597664,0.915126834045076,-5.26091885503545,1.43337285115379e-07,3.29238084665783e-06
b1466,487.384158215015,-5.82329533852165,0.770973393669693,-6.25611127196446,3.94695187135971e-10,1.88513939379704e-08
b2165,40533.1565151473,-5.84870521134411,0.79382795871334,-6.10800508866309,1.00884137956181e-09,4.42311671170617e-08
b1482,9947.54983260784,-5.85353789634329,0.977093832382728,-4.96732016464326,6.78844614040198e-07,1.2379657234224e-05
b3516,8401.79740192467,-5.85970282500133,0.715601113895091,-6.79107778151638,1.11298894759548e-11,7.44218609625513e-10
b2663,1114.31604652982,-5.92189571637031,1.05857502853496,-4.64954829246453,3.32662787479631e-06,5.13324270526261e-05
b1783,13150.7526980162,-6.09548765781837,1.04786672756897,-4.86272492842653,1.15780693481494e-06,2.00220750968859e-05
b0790,351.706246172999,-6.10374524957415,0.939051668653952,-5.43499939347312,5.47966188476749e-08,1.43376544445786e-06
b3132,1667.11247413348,-6.19871202921761,0.859621835397239,-6.04767330836267,1.46952554332414e-09,6.05726350666073e-08
b4743,402.972000133034,-6.22437571283526,1.01496623677703,-5.14733941241731,2.64207017789475e-07,5.59858391921501e-06
b3511,2412.56588316954,-6.2551758575824,1.11240365965096,-4.72416268320378,2.31065395081756e-06,3.67870779788891e-05
b2080,7323.64058173633,-6.26027823597901,0.750798941849384,-7.00624087591517,2.44806310461737e-12,2.04617274494268e-10
b3137,1405.70561299009,-6.2901851749863,0.813612535764284,-6.50209398508943,7.92095842449643e-11,4.1814322630368e-09
b1784,2238.45538760342,-6.29089518059319,1.66542994418312,-3.17689447044759,0.00148861192207735,0.00977998531338589
b3565,38603.4364268784,-6.32539074158231,0.770917793460101,-6.90785812282322,4.92025680711777e-12,3.79616736733779e-10
b2661,5409.36182847459,-6.40304956818848,0.715056022463803,-7.55612063733369,4.15268714983375e-14,4.9981742535399e-12
b4467,4162.14886109304,-6.60757803368432,1.01043640808165,-5.54965952219646,2.86226477551243e-08,7.97458769399714e-07
b0331,771.599472398579,-6.61337933682358,1.12649137250946,-4.98306464994827,6.25850283184832e-07,1.14828262323363e-05
b0753,2931.1057169402,-6.67066928299116,0.797772065055742,-7.108132173812,1.17623890282765e-12,1.02260088887825e-10
b2662,4735.20757130165,-6.69879452206493,0.827800850949861,-6.88425786893773,5.80895656827501e-12,4.33690123900973e-10
b3073,4121.34129980198,-6.73685000802029,0.702478646536177,-8.16658276562267,3.172477708447e-16,5.3033252359539e-14
b3508,3829.37186552664,-6.7485659475624,1.14473506611752,-5.021743561206,5.12045186734358e-07,1.00048309537902e-05
b3567,8608.32333762319,-7.11964653157772,0.718685578834564,-8.51505402613125,1.66512655242409e-17,3.85412753557237e-15
b2659,2853.67674048539,-7.26452648458355,1.06366800564934,-5.88955054707999,3.87247351668266e-09,1.43255702199514e-07
b3509,43615.5957812086,-7.26800716241925,1.20623478115309,-5.19634092827881,2.03249362368139e-07,4.46406811215862e-06
b3566,16359.7392215095,-7.44106946399598,0.769555356558111,-8.36985852818191,5.76874495111616e-17,1.1572102371939e-14
b0485,3430.39175738037,-7.49028546890178,1.1940871787523,-5.43535311691687,5.46880196231248e-08,1.43376544445786e-06
b2979,3904.93503463411,-7.89522546472543,1.16447990907595,-5.92129190979088,3.19422298546531e-09,1.23223294400835e-07
b3506,5297.82898588768,-7.93308099607056,1.1762755422841,-5.89409602329047,3.76738056688065e-09,1.41700601571798e-07
b4468,1334.37718725634,-8.09385396108235,1.20725713958066,-5.87600911894079,4.20275183802386e-09,1.52362413019443e-07
b1492,18260.2552787311,-8.34959714038826,1.66717186806075,-4.40842199966899,1.04126507602737e-05,0.000141772244966804
b3512,3700.99950063621,-8.61205756844378,1.35562476801927,-5.61516560335932,1.96374079574924e-08,5.79303534746026e-07
