,baseMean,log2FoldChange,lfcSE,stat,pvalue,padj,Name,Function,Pathways
b3556,17064.480936283202,7.47611887632097,0.7302132959569191,8.868804378362132,7.39354296022535e-19,3.17816725247401e-16,cspA,cold shock protein CspA,
b0996,1990.35665849998,7.073484754791,0.8866873085204171,6.8496353747586705,7.403845664184081e-12,8.911268641411961e-10,torC,cytochrome c menaquinol dehydrogenase TorC,"eco00680  Methane metabolism, eco01100  Metabolic pathways, eco01120  Microbial metabolism in diverse environments, eco02020  Two-component system"
b0990,1507.74909911275,6.67177705856933,0.8400291819780509,6.75188098253178,1.45940575289792e-11,1.6264266335073498e-09,cspG,cold shock protein CspG,
b1796,776.3021026632381,6.52988725030986,0.88237318972437,6.267061731598231,3.67924325452547e-10,3.2561302802550396e-08,yoaG,DUF1869 domain-containing protein YoaG,
b2678,2389.50357950091,6.20217885017395,0.9859808620553431,5.27614586689813,1.31929089419965e-07,7.13081952305969e-06,proW,glycine betaine ABC transporter membrane subunit ProW,eco02010  ABC transporters
b1797,4109.15548849294,5.946721817067781,0.8974516936342171,5.51196443458266,3.5485063627582904e-08,2.1790725807223803e-06,yeaR,DUF1971 domain-containing protein YeaR,
b2677,13141.2011159702,5.84887427837709,0.9242912106682121,5.24604607553459,1.55398054689806e-07,7.92530078918009e-06,proV,glycine betaine ABC transporter ATP binding subunit ProV,eco02010  ABC transporters
b2679,5406.97389143131,5.75077611390689,0.96450896960729,4.9255903922191795,8.41060185103553e-07,3.72169131908322e-05,proX,glycine betaine ABC transporter periplasmic binding protein ProX,eco02010  ABC transporters
b1617,38374.5501976928,5.505064336497459,0.755545501836269,5.96266449280474,2.48157626323983e-09,1.78832680240672e-07,uidA,beta-glucuronidase,"eco00040  Pentose and glucuronate interconversions, eco00860  Porphyrin and chlorophyll metabolism, eco01100  Metabolic pathways, eco01110  Biosynthesis of secondary metabolites"
b3437,2318.9412514259398,5.457764185532549,0.46493265000128997,9.587978356693561,8.982779009674158e-22,5.40583640802191e-19,gntK,"D-gluconate kinase, thermostable","eco00030  Pentose phosphate pathway, eco01100  Metabolic pathways, eco01110  Biosynthesis of secondary metabolites, eco01120  Microbial metabolism in diverse environments, eco01130  Biosynthesis of antibiotics, eco01200  Carbon metabolism"
b1102,3643.44483403957,5.22488624781556,1.00234604678712,4.2149976660833195,2.4978077229404e-05,0.0006211490444898901,fhuE,ferric coprogen/ferric rhodotorulic acid outer membrane transporter,
b4476,2364.27317336733,5.196408793444251,0.497009324831706,8.443320042064009,3.08449078798045e-17,1.16015409762915e-14,gntU,low-affinity gluconate transporter,
b3829,10120.2348613083,5.09331950611367,0.8218200027293759,4.98079809753863,6.332257862516751e-07,2.97715061067389e-05,metE,cobalamin-independent homocysteine transmethylase,"eco00270  Cysteine and methionine metabolism, eco00450  Selenocompound metabolism, eco01100  Metabolic pathways, eco01110  Biosynthesis of secondary metabolites, eco01230  Biosynthesis of amino acids"
b1705,674.027264976968,5.049880347001941,0.359099971046969,11.277863195573001,1.68796225760493e-29,5.0790784331332294e-26,ydiE,PF10636 family protein YdiE,
b3110,5571.31665906579,4.82346811217573,0.428720531391457,8.91832285187336,4.73402633332638e-19,2.3741142061631803e-16,cyuP,putative D/L-serine transporter,
b1475,2148.67759315636,4.77794945415831,0.541842041028095,6.97241846902467,3.11538215033608e-12,4.2609931319824e-10,fdnH,formate dehydrogenase N subunit beta,eco02020  Two-component system
b3364,3977.1301545913793,4.71963576853829,0.7681474152594051,4.842346266676111,1.28314903667412e-06,5.4380217624682e-05,tsgA,putative transporter TsgA,
b3101,1232.26831411946,4.6454781845957696,1.0594884392762098,3.4407909038499396,0.000580016570601203,0.00969594367188345,yqjF,DoxX family protein,
b0849,2021.32786361018,4.59959503157573,0.453128183554552,7.943878050883519,1.9595625189523803e-15,5.36029419957065e-13,grxA,reduced glutaredoxin 1,
b0595,4621.07481173763,4.59745244587241,0.502557531413002,7.158289789743541,8.16897298594022e-13,1.29370735340495e-10,entB,enterobactin synthase component B,"eco01053  Biosynthesis of siderophore group nonribosomal peptides, eco01110  Biosynthesis of secondary metabolites, eco01130  Biosynthesis of antibiotics"
b4315,30226.6738076261,4.57037797832905,1.05033385359303,3.39927915882683,0.000675637178539116,0.0109300659689473,fimI,putative fimbrial protein FimI,
b0596,3255.3817623891305,4.564969126924019,0.674160715250503,5.28801077588651,1.23653695610671e-07,6.890258705416819e-06,entA,"2,3-dihydro-2,3-dihydroxybenzoate dehydrogenase","eco01053  Biosynthesis of siderophore group nonribosomal peptides, eco01110  Biosynthesis of secondary metabolites, eco01130  Biosynthesis of antibiotics"
b0594,8399.237524683691,4.55405140259042,0.47176614990800203,7.53350235764794,4.9397120355806104e-14,1.1433533473124699e-11,entE,"2,3-dihydroxybenzoate-AMP ligase","eco01053  Biosynthesis of siderophore group nonribosomal peptides, eco01110  Biosynthesis of secondary metabolites, eco01130  Biosynthesis of antibiotics"
b2378,2795.2072594588103,4.53917874225167,0.713900982184695,4.95752048333229,7.139851687609109e-07,3.26720597755549e-05,lpxP,palmitoleoyl acyltransferase,eco00540  Lipopolysaccharide biosynthesis
b4209,3899.9075056748998,4.5074376284309405,0.932218557090994,3.7624627848816496,0.000168248350157821,0.0032245814371011697,ytfE,iron-sulfur cluster repair protein YtfE,
b0010,1682.37252467323,4.50263830675231,0.653298835936082,5.36146417853867,8.25500938676695e-08,4.76545149226813e-06,satP,acetate/succinate:H(+) symporter,
b2676,4834.4326355248295,4.49528092680322,0.61807529392271,5.65510539115693,1.5575067267018898e-08,1.04145283125467e-06,nrdF,ribonucleoside-diphosphate reductase 2 subunit beta,"eco00230  Purine metabolism, eco00240  Pyrimidine metabolism, eco01100  Metabolic pathways"
b0774,229.028032682037,4.49016231540169,0.6986335283076379,4.99569827954897,5.86232555925666e-07,2.7999583504449603e-05,bioA,adenosylmethionine-8-amino-7-oxononanoate aminotransferase,"eco00780  Biotin metabolism, eco01100  Metabolic pathways"
b2675,8386.092078639209,4.40692479527945,0.701767361019061,4.85477807108632,1.2052164130706301e-06,5.18070883847077e-05,nrdE,ribonucleoside-diphosphate reductase 2 subunit alpha,"eco00230  Purine metabolism, eco00240  Pyrimidine metabolism, eco01100  Metabolic pathways"
b0597,2085.18204787837,4.36533108747963,0.46278122639275604,7.271969767899621,3.5428289709762103e-13,6.66273273354213e-11,entH,proofreading thioesterase in enterobactin biosynthesis,
b0998,300.063101926759,4.3472452516581,0.8465466816308441,3.95399961312204,7.68555333853243e-05,0.0016171909087863,torD,trimethylamine-N-oxide reductase-specific chaperone,"eco00680  Methane metabolism, eco01100  Metabolic pathways, eco01120  Microbial metabolism in diverse environments, eco02020  Two-component system"
b1970,2597.6123502706,4.2834550032936,1.0115628629132198,3.24592284243957,0.00117070564175414,0.017613266380191003,yedX,hydroxyisourate hydrolase/transthyretin-related protein,"eco00230  Purine metabolism, eco01100  Metabolic pathways, eco01120  Microbial metabolism in diverse environments"
b2562,1313.98839937213,4.24493023081355,0.495090612474764,6.5542148226027,5.5935396775355506e-11,5.42934222248531e-09,yfhL,putative 4Fe-4S cluster-containing protein YfhL,
b3242,918.6733481010249,4.1915326253977,0.788125974993406,4.04952092262206,5.1322589481980394e-05,0.0011355122922888199,aaeX,DUF1656 domain-containing protein AaeX,
b4060,180.16895257688,4.0950412832761005,0.7254433421537579,4.26641352043741,1.98640442872434e-05,0.000515266459140651,yjcB,uncharacterized protein YjcB,
b2167,7378.214082855991,4.05222784820637,0.8813337486622609,3.46319184172763,0.000533807654903147,0.009071401347793641,fruA,fructose-specific PTS multiphosphoryl transfer protein FruA,"eco00051  Fructose and mannose metabolism, eco01100  Metabolic pathways, eco01120  Microbial metabolism in diverse environments, eco02060  Phosphotransferase system (PTS)"
b0587,598.698204591529,4.01327568913978,0.607907412620127,4.95680037220196,7.166354088356999e-07,3.26720597755549e-05,fepE,polysaccharide co-polymerase family protein FepE,
b2673,1025.57730198512,4.0060269875648995,0.571441940358553,5.26042415731467,1.43723476877952e-07,7.587086700451891e-06,nrdH,glutaredoxin-like protein,
b3457,419.07894565897004,3.9706925772212402,0.6928984099573471,4.2873421767616895,1.80823642706813e-05,0.00047312899209112997,livH,branched chain amino acid/phenylalanine ABC transporter membrane subunit LivH,"eco02010  ABC transporters, eco02024  Quorum sensing"
b2392,14891.4809146744,3.92335735002598,0.8463515576067769,3.45406979375372,0.000552194449169023,0.009282419539383191,mntH,Mn(2(+))/Fe(2(+)): H(+) symporter MntH,
b0776,161.474778673692,3.87231402472535,0.949983683183207,3.02354037818923,0.00249835686389227,0.0324032577734994,bioF,8-amino-7-oxononanoate synthase,"eco00780  Biotin metabolism, eco01100  Metabolic pathways"
b0805,7095.558550291129,3.83339999231044,0.910541594892623,3.1117743639647504,0.0018596657780075602,0.0250929790404697,fiu,putative iron siderophore outer membrane transporter,
b0824,585.5301180246161,3.8207053868089598,0.7233829776237259,3.89932507960696,9.64611944974205e-05,0.00198118320821623,ybiY,putative pyruvate formate-lyase activating enzyme YbiY,
b0775,662.785164608816,3.8119720700646096,0.7923992259629581,3.54868099050372,0.000387165821455968,0.006733999750063621,bioB,biotin synthase,"eco00780  Biotin metabolism, eco01100  Metabolic pathways"
b0593,5657.76321265985,3.80910406466108,0.5753973956658729,4.882024294549111,1.05002315733302e-06,4.57901402958704e-05,entC,isochorismate synthase EntC,"eco00130  Ubiquinone and other terpenoid-quinone biosynthesis, eco01053  Biosynthesis of siderophore group nonribosomal peptides, eco01100  Metabolic pathways, eco01110  Biosynthesis of secondary metabolites, eco01130  Biosynthesis of antibiotics"
b3941,983.9114294321381,3.8038672994589198,0.6035522123611949,4.64560851908691,3.3907547286147802e-06,0.00012003271739296299,metF,"5,10-methylenetetrahydrofolate reductase","eco00670  One carbon pool by folate, eco01100  Metabolic pathways, eco01120  Microbial metabolism in diverse environments, eco01200  Carbon metabolism"
b4511,2033.9499903953897,3.78427032426999,0.579186059502468,4.80721225690709,1.5304947147737499e-06,6.39619249549197e-05,ybdZ,enterobactin biosynthesis protein YbdZ,
b1685,1145.83678856188,3.75604178527501,0.575895536186342,4.7856626976584895,1.70424064888982e-06,6.92981096285065e-05,ydiH,protein YdiH,
b0585,6330.87407902958,3.7400667096044202,0.5107288303462489,5.365012795041911,8.094348116688481e-08,4.76545149226813e-06,fes,enterochelin esterase,
b2069,1956.95741575255,3.7071694858185698,0.669890499152583,4.04121194321037,5.31756713427557e-05,0.00116792405160841,yegD,HSP70 family protein YegD,
b0777,202.700919941692,3.68476649631471,0.8126139390320749,3.30386468574807,0.0009536184847492869,0.0147150667723621,bioC,malonyl-acyl carrier protein methyltransferase,"eco00780  Biotin metabolism, eco01100  Metabolic pathways"
b2669,3113.5081232601196,3.6782199292551203,0.569307204698352,4.704349263723411,2.54676945500253e-06,9.82465293602901e-05,stpA,DNA-binding transcriptional repressor StpA with RNA chaperone activity,
b1476,3981.4167126872603,3.67285894903008,0.38808368864343,6.88732618052879,5.6850770450742996e-12,7.12766534526191e-10,fdnI,formate dehydrogenase N subunit gamma,eco02020  Two-component system
b0605,115218.470024129,3.64200140831554,0.5008473672399171,5.27506298550625,1.3271049959831902e-07,7.13081952305969e-06,ahpC,"alkyl hydroperoxide reductase, AhpC component",
b0616,702.041869189268,3.6397615118686404,0.7034565554400269,3.7525579816615897,0.000175039329911351,0.0033125367528506603,citE,citrate lyase beta subunit,eco02020  Two-component system
b1109,9017.7158664513,3.63437778609948,0.5762884137650239,4.57128361975645,4.8474566589535404e-06,0.00016574996689535502,ndh,NADH:quinone oxidoreductase II,eco00190  Oxidative phosphorylation
b2552,9118.035907338759,3.60178427786839,0.6984207243412879,3.72523922499901,0.00019513008233094098,0.0036021252621705703,hmp,nitric oxide dioxygenase,
b2971,1883.4073458689102,3.57641225574385,0.670396297845193,3.8431182630707097,0.000121480892841975,0.0024207682553742,yghG,lipoprotein YghG,
b2169,1821.9877088544397,3.48638754175709,0.7743709016052529,3.21084836297808,0.00132343749970909,0.0193311817311876,fruB,fructose-specific PTS multiphosphoryl transfer protein FruB,"eco00051  Fructose and mannose metabolism, eco01100  Metabolic pathways, eco01120  Microbial metabolism in diverse environments, eco02060  Phosphotransferase system (PTS)"
b3686,850.3902151356849,3.4859983695097596,0.762878241852815,3.25870923185851,0.0011192031265929699,0.0169230261704434,ibpB,small heat shock protein IbpB,
b1452,21392.9750324473,3.4820219508543397,0.547908764330214,4.52999132782345,5.89861075977358e-06,0.000195043074463282,yncE,PQQ-like domain-containing protein YncE,
b3162,17570.9092322984,3.47342619708937,0.6719405580419189,3.68101935132046,0.000232303371370191,0.00418563379911918,deaD,ATP-dependent RNA helicase DeaD,eco03018  RNA degradation
b4108,4199.565734660429,3.4413410933494504,0.521254124756484,4.68359093463285,2.8189230880308e-06,0.000106845960918051,yjdM,conserved protein YjdM,
b4470,6841.89438282751,3.41231026070467,0.6236381931839949,3.86812463872454,0.00010967560452054,0.00221485834900875,cyuA,putative L-cysteine desulfidase CyuA,
b3077,130.966319200213,3.3986625170261298,0.51231427740036,4.68201380058678,2.84070351393955e-06,0.000106845960918051,ebgC,DUF386 domain-containing evolved beta-D-galactosidase subunit beta,"eco00052  Galactose metabolism, eco00511  Other glycan degradation, eco01100  Metabolic pathways"
b3074,302.673261103711,3.3507066527547202,0.51735770586962,4.54367766457338,5.52811706191864e-06,0.000186900047632732,ygjH,putative tRNA-binding protein YgjH,
b2365,803.055470227948,3.33377572642438,0.529239960752373,4.40967405996074,1.03526319166663e-05,0.000314657267042919,dsdX,D-serine transporter,
b3076,945.983509708529,3.28835208564919,0.528300290794544,4.33153667624826,1.4807227603623498e-05,0.000401395926660389,ebgA,evolved beta-D-galactosidase subunit alpha,"eco00052  Galactose metabolism, eco00511  Other glycan degradation, eco01100  Metabolic pathways"
b2168,2746.94475865633,3.2512454399492996,0.786634925849905,2.86186814997692,0.00421152068841489,0.0483050569457755,fruK,1-phosphofructokinase,"eco00051  Fructose and mannose metabolism, eco01100  Metabolic pathways"
b0873,522.042005668995,3.1817662115542205,0.547535352840247,3.98470381909894,6.75643439469652e-05,0.0014625979204058901,hcp,protein S-nitrosylase,"eco00910  Nitrogen metabolism, eco01100  Metabolic pathways"
b1660,964.131711471483,3.17232716866113,0.494561999558448,4.3924263704057696,1.12092597673955e-05,0.00033067316313816603,ydhC,putative transporter YdhC,
b3455,1083.46363702501,3.1415225630733503,0.6820478351386731,3.13984218223923,0.00169038871832881,0.0233320167589513,livG,branched chain amino acid/phenylalanine ABC transporter ATP binding subunit LivG,"eco02010  ABC transporters, eco02024  Quorum sensing"
b0823,1110.61683250107,3.1349524450010002,0.7192848160523342,2.96816003529492,0.00299588304438015,0.0369451314776224,ybiW,putative pyruvate formate lyase,"eco00620  Pyruvate metabolism, eco00640  Propanoate metabolism, eco00650  Butanoate metabolism, eco01100  Metabolic pathways, eco01120  Microbial metabolism in diverse environments"
b3366,76.91571127293899,3.11644818171453,0.709715260525929,2.98210888144938,0.00286270167932452,0.0360412943643827,nirD,nitrite reductase subunit NirD,"eco00910  Nitrogen metabolism, eco01100  Metabolic pathways, eco01120  Microbial metabolism in diverse environments"
b3570,4039.0536790401397,3.05326162047413,0.708661126275405,2.8973814766243797,0.0037629189177873796,0.0442289961860244,bax,putative glycoside hydrolase Bax,
b2968,310.887022796239,3.04467776833318,0.46831893707891503,4.36599421130954,1.2654583080918199e-05,0.00036264419514745496,yghD,putative type II secretion system M-type protein,eco03070  Bacterial secretion system
b0804,955.1285797667481,3.04257897761489,0.603628822321446,3.38383274966808,0.00071481532084503,0.0114408473426739,ybiX,PKHD-type hydroxylase YbiX,
b2533,8918.94113531817,3.0418247948066606,0.33574224606325603,6.08152479691807,1.1904495029647198e-09,9.426480406370619e-08,suhB,inositol-phosphate phosphatase,"eco00521  Streptomycin biosynthesis, eco00562  Inositol phosphate metabolism, eco01100  Metabolic pathways, eco01130  Biosynthesis of antibiotics"
b2674,1935.60681148233,3.03150842143027,0.471116986115575,4.31211032779848,1.6170370521794598e-05,0.000426812674562105,nrdI,dimanganese-tyrosyl radical cofactor maintenance flavodoxin NrdI,
b3710,884.6512863431261,3.00451229100116,0.42227294607586396,4.746958832264481,2.06497960878212e-06,8.229193811284041e-05,mdtL,efflux pump MdtL,
b3795,3210.90995860143,2.97282208268574,0.42197207079709903,4.67524326659608,2.93605372887929e-06,0.00010906895889133101,yifK,putative transporter YifK,
b2944,184.41565421253298,2.9479480139437095,0.363528096732009,5.35845243175174,8.3937829541446e-08,4.76545149226813e-06,yggI,conserved protein YggI,
b0590,357.75312962772796,2.92777070697841,0.41409379059567397,4.655396315422429,3.23358103657868e-06,0.000115831492131729,fepD,ferric enterobactin ABC transporter membrane subunit FebD,eco02010  ABC transporters
b3539,890.864158183845,2.89655816664212,0.623533804134659,3.0416284635508504,0.00235302134677964,0.0311904900108367,yhjV,putative transporter YhjV,
b2296,27581.5069784628,2.8657372782368897,0.393147765852659,4.7456387655936,2.07849361800461e-06,8.229193811284041e-05,ackA,acetate kinase,"eco00430  Taurine and hypotaurine metabolism, eco00620  Pyruvate metabolism, eco00640  Propanoate metabolism, eco00680  Methane metabolism, eco01100  Metabolic pathways, eco01120  Microbial metabolism in diverse environments, eco01200  Carbon metabolism"
b4502,17.7168265850363,2.86117231007503,0.6325283946287961,2.94243282337905,0.00325644429637379,0.0393519714369025,yeiW,PF03692 putative metal-chelating domain-containing protein YeiW,
b2949,624.811548814847,2.85499339273615,0.260868567424775,7.11083520352086,1.15342799249555e-12,1.7353324147095502e-10,yqgF,ribonuclease H-like domain containing nuclease,
b0211,5355.55077733854,2.8530094197026004,0.540812951862814,3.4263406845564,0.000611772528369574,0.0100591450156505,mltD,membrane-bound lytic murein transglycosylase D,
b0588,1811.4025943889103,2.83872990418269,0.44249974080899,4.1553242513115904,3.24826549766549e-05,0.000794636657111825,fepC,ferric enterobactin ABC transporter ATP binding subunit,eco02010  ABC transporters
b1628,668.7447471806939,2.8220988643914997,0.409185324500114,4.45299172598011,8.46820190059299e-06,0.000263496024400704,rsxB,SoxR [2Fe-2S] reducing system protein RsxB,
b1627,554.673978035269,2.7469980797745497,0.402176346606135,4.34386083248561,1.4000022360025598e-05,0.000382964248011973,rsxA,SoxR [2Fe-2S] reducing system protein RsxA,
b0401,2692.3735657975603,2.71559521772929,0.4596351183904389,3.7325155304429303,0.00018957700424444,0.0035465407877701,brnQ,branched chain amino acid transporter BrnQ,
b2187,1716.6074759591102,2.70419545552791,0.324220974022898,5.256277638002381,1.47000319941976e-07,7.626275219058729e-06,yejL,DUF1414 domain-containing protein YejL,
b1161,258.837654565145,2.69856092449075,0.581181678481013,2.9225988832444703,0.00347123379885748,0.0412843577105223,ycgX,uncharacterized protein YcgX,
b3704,2581.78480945218,2.69555797137357,0.539028561637501,3.1455809432856,0.00165757320190889,0.0231683539515864,rnpA,RNase P protein component,
b1626,1097.40746974078,2.6825058434408,0.51381014641162,3.2745671824334197,0.0010582397283142,0.0160820370833203,ydgK,conserved inner membrane protein YdgK,
b0591,967.457428784196,2.66585101658899,0.5605788845595789,2.97166208445002,0.00296192484490878,0.0369451314776224,entS,enterobactin exporter EntS,
b3163,25231.6418680215,2.60756168836256,0.33909057468856396,4.74080322002173,2.12872607731181e-06,8.31861917744314e-05,nlpI,lipoprotein NlpI,
b1798,1476.39722537708,2.59536283780375,0.36486067953255796,4.37252608268902,1.2281713864169901e-05,0.000358792980750361,leuE,leucine exporter,
b1528,966.1382466442999,2.5756852010778397,0.502546092810944,3.13540434125035,0.00171617388296307,0.0235797589672871,ydeA,L-arabinose exporter,
b1047,786.431427632286,2.56579357337927,0.38262610676717496,4.09222879904545,4.27246783594074e-05,0.0009965779626624571,opgC,protein required for succinyl modification of osmoregulated periplasmic glucans,
b3471,570.163578718016,2.53552290963811,0.347843255787443,4.41441046819208,1.01285622338517e-05,0.00031098820164959,yhhQ,putative queuosine precursor transporter,
b1625,1154.96606314712,2.5334088871381604,0.5375758858597229,2.8524510259343905,0.00433834968283263,0.0492607328137486,cnu,H-NS- and StpA-binding protein,
b4077,6885.0690941166895,2.51419873073646,0.473454268006143,3.19819427779837,0.0013829107967415599,0.0197212255326794,gltP,glutamate/aspartate : H(+) symporter GltP,
b3031,1770.8947940525,2.4810630520906,0.36330905338822794,4.07659274735427,4.57004317468901e-05,0.00104176211459388,yqiA,esterase YqiA,
b2683,1093.69662532511,2.47326731615248,0.476724792653891,3.0903937425845,0.00199891312922077,0.0268514714545772,ygaH,L-valine exporter subunit YgaH,
b1643,309.710169783062,2.47294010641015,0.472232714859066,3.1190979787364705,0.00181405627287113,0.024675014779772002,ydhI,DUF1656 domain-containing protein YdhI,
b1284,1481.87325953424,2.4593930388524,0.37434665351096896,3.89850697252096,9.67876143595165e-05,0.00198118320821623,yciT,putative DNA-binding transcriptional regulator YciT,
b1211,4311.405862136379,2.44474441581928,0.36341122896864897,3.97550846163841,7.022904666625041e-05,0.00150942286727677,prfA,peptide chain release factor RF1,
b3703,4530.8256741472205,2.43851716509765,0.317756186644011,4.52710985831804,5.97958581329562e-06,0.000195571453393549,rpmH,50S ribosomal subunit protein L34,eco03010  Ribosome
b4155,1746.63301171034,2.4367522027839303,0.448842263781481,3.20101808301058,0.00136942937619123,0.01962196663314,epmA,EF-P-lysine lysyltransferase,
b2558,759.031935279769,2.4335485446926297,0.362372980040179,3.9560028579771,7.62142492930819e-05,0.00161499067692171,mltF,membrane-bound lytic murein transglycosylase F,
b2582,1532.50801077596,2.42464952023732,0.426000258203796,3.3442456730995094,0.0008250663936910241,0.0130664462032436,trxC,reduced thioredoxin 2,
b0961,454.915911803382,2.40126693881612,0.420227537734382,3.33454334375829,0.000854395836830108,0.0134600893875487,yccF,conserved inner membrane protein YccF,
b0469,1450.7279963839499,2.35519556645899,0.329647244160874,4.111047765342859,3.9386770184059296e-05,0.000933187334518381,apt,adenine phosphoribosyltransferase,"eco00230  Purine metabolism, eco01100  Metabolic pathways"
b3936,2994.21843856612,2.3546323808709904,0.460668638019801,2.94057869164683,0.00327599778035563,0.0394299092843603,rpmE,50S ribosomal subunit protein L31,eco03010  Ribosome
b3862,726.6273782645011,2.31678328632408,0.44476446882005394,2.9606305778369997,0.00307009947360834,0.0372497149842237,yihG,putative acyltransferase YihG,
b2748,2748.51806934522,2.31435762397966,0.295206483061668,4.45233319522014,8.49422212258832e-06,0.000263496024400704,ftsB,cell division protein FtsB,
b2156,3955.5386373422207,2.3113889727088597,0.318849127191333,4.11288242894242,3.9074941453493606e-05,0.000933146816139383,lysP,lysine:H(+) symporter,
b2509,1682.7621218152801,2.29463257641544,0.452498715837323,2.86107458674175,0.00422207709429676,0.0483050569457755,xseA,exodeoxyribonuclease VII subunit XseA,eco03430  Mismatch repair
b0152,940.4742945583611,2.29455109197966,0.366988429719385,3.52749838181419,0.000419506325507111,0.007213111619719409,fhuD,iron(III) hydroxamate ABC transporter periplasmic binding protein,eco02010  ABC transporters
b1605,793.323680138029,2.24797490718166,0.42136507232293,2.96174265299622,0.00305903345502531,0.0372497149842237,ydgI,putative arginine:ornithine antiporter,
b2832,636.550007343138,2.2375499575133904,0.381716947739135,3.24206185982377,0.00118668261269663,0.0177648158288764,ygdQ,UPF0053 inner membrane protein YgdQ,
b0620,680.510196896046,2.23335409986877,0.40756898511012,3.0261235396396295,0.00247711070715712,0.0323063213061668,dpiA,DNA-binding transcriptional dual regulator DpiA,eco02020  Two-component system
b3262,368.38044120996,2.1906409435417897,0.257003163353121,4.632787114397719,3.6077547801975402e-06,0.000126229466669935,yhdJ,DNA adenine methyltransferase,
b0122,378.206631515459,2.17039094421062,0.268045047542155,4.366396450680741,1.26313127179324e-05,0.00036264419514745496,yacC,putative lipoprotein YacC,
b1806,2100.76765883386,1.84276561437143,0.295849617365347,2.84862837368722,0.00439081353812968,0.0494255763018029,yeaY,Slp family lipoprotein YeaY,
b4222,1148.20403530983,1.8081682756415098,0.237564103924748,3.40189558224463,0.000669202010302517,0.0108844802648663,ytfP,gamma-glutamylamine cyclotransferase family protein YtfP,
b1253,688.637931196757,1.7610201354919197,0.25488104636148495,2.98578551193094,0.00282850957859723,0.0357604425294078,yciA,acyl-CoA thioesterase,eco01040  Biosynthesis of unsaturated fatty acids
b0222,3502.68108408907,-2.0312978280505,0.338377893697415,-3.04776951230955,0.0023054668433766102,0.0306953527952222,lpcA,D-sedoheptulose 7-phosphate isomerase,"eco00540  Lipopolysaccharide biosynthesis, eco01100  Metabolic pathways"
b2280,7316.603755936359,-2.03738459969573,0.36090058996460794,-2.87443309471304,0.0040475351508623,0.0470232944746898,nuoJ,NADH:quinone oxidoreductase subunit J,"eco00190  Oxidative phosphorylation, eco01100  Metabolic pathways"
b3233,9953.81918335617,-2.07050715822983,0.361190708640098,-2.9638280626330205,0.00303838001067813,0.0372497149842237,yhcB,conserved protein YhcB,
b2146,585.9894466021041,-2.09646277246283,0.370302365750485,-2.96099316092851,0.00306648748351458,0.0372497149842237,preT,NAD-dependent dihydropyrimidine dehydrogenase subunit PreT,"eco00240  Pyrimidine metabolism, eco00410  beta-Alanine metabolism, eco00770  Pantothenate and CoA biosynthesis, eco01100  Metabolic pathways"
b3209,2196.0700532912697,-2.1228001484794,0.348287953158441,-3.22376969486689,0.0012651510370979301,0.0187529037961955,elbB,low activity glyoxalase ElbB,
b1778,5171.82667159441,-2.3515720459800296,0.432720201101846,-3.12343182162166,0.0017875527376095802,0.0244488463066692,msrB,methionine sulfoxide reductase B,
b2922,6113.67990534245,-2.37123204663545,0.381705256785409,-3.5923844963087403,0.000327665902814205,0.00579968647981144,yggE,uncharacterized protein YggE,
b3450,1725.15543254147,-2.4862036517230095,0.48344690333095497,-3.0741817591198797,0.00211080789217663,0.0282285375447088,ugpC,sn-glycerol 3-phosphate ABC transporter ATP binding subunit,eco02010  ABC transporters
b0740,46418.8880114575,-2.5213175210612,0.524807420780864,-2.89881099394064,0.0037458062241164,0.0442005134445735,tolB,Tol-Pal system periplasmic protein TolB,
b3405,2988.62287827424,-2.53980218513755,0.429867857766531,-3.58203610090299,0.00034092666539145496,0.00599911307697595,ompR,DNA-binding transcriptional dual regulator OmpR,"eco02020  Two-component system, eco02026  Biofilm formation - Escherichia coli"
b3253,2144.71778170625,-2.58136953034218,0.402629282542861,-3.9276068555044596,8.57953061169178e-05,0.0017927644174014301,yhdH,acrylyl-CoA reductase,"eco00640  Propanoate metabolism, eco01100  Metabolic pathways"
b0607,4236.2235543181105,-2.5922459957046002,0.528550784155755,-3.0124749474127994,0.00259126823789006,0.033321051828253,uspG,universal stress protein G,
b4051,2352.51810294781,-2.63857987243984,0.525513497197258,-3.1180547810454704,0.0018204896248286398,0.024675014779772002,qorA,putative quinone oxidoreductase 1,
b1703,2216.81778998912,-2.6478389402329903,0.388277785735956,-4.24396913954171,2.19600565441715e-05,0.0005647676080462559,ppsR,posphoenolpyruvate synthetase regulatory protein,
b3081,622.531232336018,-2.8064342950067402,0.48459590632022603,-3.7277126600673998,0.000193225498284173,0.0035889847181301,fadH,"2,4-dienoyl-CoA reductase",
b2257,726.6086928686341,-2.8291874433663,0.446820205057137,-4.09378855894037,4.24381341952542e-05,0.0009965779626624571,arnT,lipid IVA 4-amino-4-deoxy-L-arabinosyltransferase,"eco00540  Lipopolysaccharide biosynthesis, eco01503  Cationic antimicrobial peptide (CAMP) resistance"
b4021,378.031214439321,-2.8310323471094603,0.5190620161637161,-3.5275791525688,0.000419378353185305,0.007213111619719409,pepE,peptidase E,
b3962,7272.6511454313595,-2.83904265745985,0.516270201047481,-3.5621708433462596,0.00036780090059007403,0.0064343773829972795,sthA,soluble pyridine nucleotide transhydrogenase,"eco00760  Nicotinate and nicotinamide metabolism, eco01100  Metabolic pathways"
b1723,6531.63905489302,-2.8465723550911,0.554791183728603,-3.32840969584409,0.000873433161733301,0.0136174113142772,pfkB,6-phosphofructokinase II,"eco00010  Glycolysis / Gluconeogenesis, eco00030  Pentose phosphate pathway, eco00051  Fructose and mannose metabolism, eco00052  Galactose metabolism, eco00680  Methane metabolism, eco01100  Metabolic pathways, eco01110  Biosynthesis of secondary metabolites, eco01120  Microbial metabolism in diverse environments, eco01130  Biosynthesis of antibiotics, eco01200  Carbon metabolism, eco01230  Biosynthesis of amino acids"
b1078,554.271593921603,-2.85361032253995,0.6461749983171999,-2.8685887373656,0.004123075233210671,0.0475338443552908,flgG,flagellar basal-body rod protein FlgG,eco02040  Flagellar assembly
b1930,175.38555394361302,-2.89664610519968,0.43538921360120797,-4.356208298115759,1.32334849322416e-05,0.000372145384683318,yedF,putative sulfurtransferase YedF,
b4544,172.4676549757,-2.9067904301923,0.595491599273052,-3.2020442144272296,0.00136456051869607,0.01962196663314,arnE,undecaprenyl-phosphate-alpha-L-Ara4N flippase - ArnE subunit,eco01503  Cationic antimicrobial peptide (CAMP) resistance
b2253,1959.7430145379199,-2.9177827131390797,0.635142459658979,-3.01945285498434,0.00253231701791819,0.0327027549653041,arnB,UDP-4-amino-4-deoxy-L-arabinose aminotransferase,"eco00520  Amino sugar and nucleotide sugar metabolism, eco01100  Metabolic pathways, eco01503  Cationic antimicrobial peptide (CAMP) resistance, eco02020  Two-component system"
b3020,1509.6649345049698,-2.96501865515979,0.447267372569236,-4.39338698879854,1.11598213739178e-05,0.00033067316313816603,ygiS,putative deoxycholate binding periplasmic protein,eco02024  Quorum sensing
b0118,39129.6562510519,-3.0021289389541,0.27949507347943,-7.1633782808034,7.871275330439801e-13,1.29370735340495e-10,acnB,hypothetical protein,"eco00020  Citrate cycle (TCA cycle), eco00630  Glyoxylate and dicarboxylate metabolism, eco00640  Propanoate metabolism, eco01100  Metabolic pathways, eco01110  Biosynthesis of secondary metabolites, eco01120  Microbial metabolism in diverse environments, eco01130  Biosynthesis of antibiotics, eco01200  Carbon metabolism, eco01210  2-Oxocarboxylic acid metabolism, eco01230  Biosynthesis of amino acids"
b3236,46353.836564509504,-3.0179717762005196,0.49062907056856603,-4.11302936832094,3.90500685017086e-05,0.000933146816139383,mdh,malate dehydrogenase,"eco00020  Citrate cycle (TCA cycle), eco00270  Cysteine and methionine metabolism, eco00620  Pyruvate metabolism, eco00630  Glyoxylate and dicarboxylate metabolism, eco00680  Methane metabolism, eco01100  Metabolic pathways, eco01110  Biosynthesis of secondary metabolites, eco01120  Microbial metabolism in diverse environments, eco01130  Biosynthesis of antibiotics, eco01200  Carbon metabolism"
b1987,534.356408678948,-3.0183570054634905,0.537554019340698,-3.75470544883839,0.000173545445066904,0.0033050521785209803,cbl,DNA-binding transcriptional activator Cbl,
b4126,2599.13325436977,-3.03748613614773,0.715457648191154,-2.8478081704751896,0.00440214504781761,0.0494255763018029,yjdI,PF06902 family protein YjdI,
b2256,975.2146462722079,-3.0526882184067596,0.5066558356405361,-4.0514449336435,5.0902306737165203e-05,0.00113455585905282,arnD,putative 4-deoxy-4-formamido-L-arabinose-phosphoundecaprenol deformylase ArnD,"eco00520  Amino sugar and nucleotide sugar metabolism, eco01100  Metabolic pathways, eco01503  Cationic antimicrobial peptide (CAMP) resistance"
b0789,486.237950724886,-3.0550827399146603,0.6791970747023579,-3.0257532260651296,0.0024801463016698396,0.0323063213061668,clsB,cardiolipin synthase B,"eco00564  Glycerophospholipid metabolism, eco01100  Metabolic pathways"
b2905,22916.9152776246,-3.0748703457721605,0.459234992562484,-4.5181015806191,6.23965498332486e-06,0.00020188303058951102,gcvT,aminomethyltransferase,"eco00260  Glycine, serine and threonine metabolism, eco00630  Glyoxylate and dicarboxylate metabolism, eco00670  One carbon pool by folate, eco01100  Metabolic pathways, eco01110  Biosynthesis of secondary metabolites, eco01130  Biosynthesis of antibiotics, eco01200  Carbon metabolism"
b1002,3354.53352238202,-3.0834067459705197,0.54444083197206,-3.82669084246319,0.000129877464613177,0.00253767072091591,agp,glucose-1-phosphatase,"eco00010  Glycolysis / Gluconeogenesis, eco01120  Microbial metabolism in diverse environments"
b2672,2421.1256009978,-3.0960830678360898,0.6534055879763759,-3.2079356320287205,0.00133691416683151,0.019433694338145,ygaM,DUF883 domain-containing protein YgaM,
b3097,31213.9463760762,-3.1174055959331204,0.6223469886895079,-3.4022910601556897,0.0006682342935367299,0.0108844802648663,yqjC,DUF1090 domain-containing protein YqjC,
b4227,2636.58207959756,-3.15257827334666,0.7402361531307741,-2.9079615528672798,0.00363793060558835,0.0430965873709265,ytfQ,galactofuranose ABC transporter periplasmic binding protein,
b1197,1425.91570701584,-3.1601684054236503,0.7500306699113859,-2.8801067637392403,0.00397540525742027,0.0463643194557271,treA,periplasmic trehalase,"eco00500  Starch and sucrose metabolism, eco01100  Metabolic pathways"
b4189,1313.66186794821,-3.1757714548612404,0.35379137674277605,-6.149871358914231,7.75458164386855e-10,6.48153782400013e-08,bsmA,DUF1471 domain-containing putative lipoprotein BsmA,
b1406,1390.4242886662198,-3.2001359495656096,0.604388655172285,-3.64026678981664,0.000272355693120754,0.00487808500357351,pdxI,pyridoxine 4-dehydrogenase,"eco00750  Vitamin B6 metabolism, eco01100  Metabolic pathways, eco01120  Microbial metabolism in diverse environments"
b2255,1717.82322465531,-3.2360511934243,0.7066159368719681,-3.1644505547423702,0.0015537606026591,0.0219496040065786,arnA,fused UDP-4-amino-4-deoxy-L-arabinose formyltransferase/UDP-glucuronate dehydrogenase,"eco00520  Amino sugar and nucleotide sugar metabolism, eco01100  Metabolic pathways, eco01503  Cationic antimicrobial peptide (CAMP) resistance"
b1519,833.170200392779,-3.2539562509170596,0.7820639069897289,-2.88206146680882,0.0039508265492084705,0.0462569536442346,tam,trans-aconitate 2-methyltransferase,
b1920,9020.94504662787,-3.26591759521646,0.534160547199077,-4.24201601390823,2.2152088132893e-05,0.000564878247388772,tcyJ,cystine ABC transporter periplasmic binding protein,eco02010  ABC transporters
b0453,589.757068163893,-3.26641633068134,0.7970995226833301,-2.8433291780827403,0.00446449341149099,0.0499392590155256,ybaY,PF09619 family lipoprotein YbaY,
b4735,8149.04805744494,-3.2980235444466697,0.5096988755502291,-4.508590571179719,6.5259709068170895e-06,0.00020890049424056,ybgU,protein YbgU,
b1729,3664.49544692581,-3.34090186080764,0.599874862730535,-3.9023169768311803,9.52762752922713e-05,0.00197714698175479,tcyP,cystine/sulfocysteine:cation symporter,
b3845,451.695729677546,-3.3461007917896097,0.543144140982947,-4.31948098997034,1.56396579556572e-05,0.000416457794589136,fadA,3-ketoacyl-CoA thiolase,"eco00071  Fatty acid degradation, eco00280  Valine, leucine and isoleucine degradation, eco00281  Geraniol degradation, eco00362  Benzoate degradation, eco00592  alpha-Linolenic acid metabolism, eco01100  Metabolic pathways, eco01110  Biosynthesis of secondary metabolites, eco01120  Microbial metabolism in diverse environments, eco01130  Biosynthesis of antibiotics, eco01212  Fatty acid metabolism"
b1003,1179.97049276226,-3.36248451673002,0.827831585695039,-2.85382263440274,0.0043196640727024,0.0492343530104603,yccJ,PF13993 family protein YccJ,
b1077,642.000568920521,-3.38253047830131,0.681608516246455,-3.49545291983975,0.00047325793545418204,0.0080910973169411,flgF,flagellar basal-body rod protein FlgF,eco02040  Flagellar assembly
b3072,1670.9098585545999,-3.38582640507864,0.798169472116023,-2.9891225966755997,0.0027977984729960197,0.0355214160558862,aer,"aerotaxis sensor receptor, flavoprotein","eco02020  Two-component system, eco02030  Bacterial chemotaxis"
b3927,1814.82753706518,-3.40632091131265,0.7003062601964399,-3.4360979589667897,0.000590157545083344,0.00975705523711969,glpF,glycerol facilitator,
b4269,2398.3080335739396,-3.4419017945959705,0.585928659150299,-4.16757527808447,3.07856860962391e-05,0.0007592961431441281,ahr,"aldehyde reductase, NADPH-dependent",
b0871,4722.69972111245,-3.4996631413757795,0.74684006048161,-3.34698588579171,0.000816953698146387,0.0130064215752512,poxB,pyruvate oxidase,"eco00620  Pyruvate metabolism, eco01100  Metabolic pathways"
b3099,1669.32167334285,-3.5127982547666203,0.846449526053506,-2.9686333058538197,0.00299127323478125,0.0369451314776224,yqjE,conserved inner membrane protein YqjE,
b3666,1498.0591306909198,-3.5508804069731803,0.589696768978857,-4.32574933620611,1.52014209836572e-05,0.000408402461962718,uhpT,hexose-6-phosphate:phosphate antiporter,eco02020  Two-component system
b2670,1013.7920468359899,-3.55642674171305,0.8969900365824209,-2.85000572743613,0.00437184418380448,0.0494255763018029,alaE,L-alanine exporter,
b1083,1381.18376587676,-3.5678921421227794,0.858549162292832,-2.9909669182659195,0.00278095618722813,0.0354571913871586,flgL,flagellar hook-filament junction protein 2,eco02040  Flagellar assembly
b0720,25490.4213396722,-3.5899270620796,0.44330159824656,-5.842358954544309,5.14667577070039e-09,3.60147613814825e-07,gltA,citrate synthase,"eco00020  Citrate cycle (TCA cycle), eco00630  Glyoxylate and dicarboxylate metabolism, eco01100  Metabolic pathways, eco01110  Biosynthesis of secondary metabolites, eco01120  Microbial metabolism in diverse environments, eco01130  Biosynthesis of antibiotics, eco01200  Carbon metabolism, eco01210  2-Oxocarboxylic acid metabolism, eco01230  Biosynthesis of amino acids"
b2149,5880.53527234245,-3.6074707201453196,0.8906078616364971,-2.92774276139229,0.00341432400866832,0.0407686545320753,mglA,D-galactose/methyl-galactoside ABC transporter ATP binding subunit,eco02010  ABC transporters
b1929,6485.32057926765,-3.62282733391684,0.568671365614715,-4.61220221820322,3.98425096610238e-06,0.000137800128241403,yedE,putative selenium transporter YedE,
b0365,121.257022884254,-3.63803547406657,0.8684120276417099,-3.0377693883749104,0.00238336270750272,0.031454115731910995,tauA,taurine ABC transporter periplasmic binding protein,"eco00920  Sulfur metabolism, eco02010  ABC transporters"
b2535,1608.64158988164,-3.6489263303081203,0.64972678426527,-4.0769849642317,4.56234417668015e-05,0.00104176211459388,csiE,stationary phase inducible protein CsiE,
b3118,2305.83785073553,-3.66615143915772,0.631980788194355,-4.2187222918203595,2.45690665616281e-05,0.00062105557387065,tdcA,DNA-binding transcriptional activator TdcA,
b2464,3264.66170456185,-3.667312291863,0.8107309883539521,-3.29000905377814,0.00100184159165727,0.015380313006616003,talA,transaldolase A,"eco00030  Pentose phosphate pathway, eco01100  Metabolic pathways, eco01110  Biosynthesis of secondary metabolites, eco01120  Microbial metabolism in diverse environments, eco01130  Biosynthesis of antibiotics, eco01200  Carbon metabolism, eco01230  Biosynthesis of amino acids"
b0330,478.60104119358596,-3.68014629512198,0.699924758789275,-3.82919201166434,0.000128564670201937,0.00253767072091591,prpR,DNA-binding transcriptional dual regulator PrpR,
b4139,22654.4952745413,-3.70482681524898,0.534521017836856,-5.06028149500107,4.18637962826592e-07,2.06505185269707e-05,aspA,aspartate ammonia-lyase,"eco00250  Alanine, aspartate and glutamate metabolism, eco01100  Metabolic pathways"
b0325,1662.66578843952,-3.70883511986817,0.8266899021078679,-3.27672457708902,0.00105018757809148,0.0160406823476003,yahK,"aldehyde reductase, NADPH-dependent",
b2302,348.29367704353103,-3.73184412492227,0.911063019275878,-2.99852377620768,0.00271290987559087,0.0347367907049061,yfcG,disulfide reductase,
b2543,554.8254023699919,-3.76961643284797,0.831679574001167,-3.33014843628237,0.000867996981714437,0.0136031401978059,yphA,putative inner membrane protein,
b0721,3378.8168839125105,-3.8265055932708902,0.589824790782743,-4.7921105342484696,1.6503593018699498e-06,6.80264539633792e-05,sdhC,"succinate:quinone oxidoreductase, membrane protein SdhC","eco00020  Citrate cycle (TCA cycle), eco00190  Oxidative phosphorylation, eco00650  Butanoate metabolism, eco01100  Metabolic pathways, eco01110  Biosynthesis of secondary metabolites, eco01120  Microbial metabolism in diverse environments, eco01130  Biosynthesis of antibiotics, eco01200  Carbon metabolism"
b2904,8910.827917275079,-3.8439817322007594,0.45250529957964003,-6.28496889393939,3.27919343512953e-10,2.9900281958499303e-08,gcvH,glycine cleavage system H protein,"eco00260  Glycine, serine and threonine metabolism, eco00630  Glyoxylate and dicarboxylate metabolism, eco01100  Metabolic pathways, eco01110  Biosynthesis of secondary metabolites, eco01130  Biosynthesis of antibiotics, eco01200  Carbon metabolism"
b0382,3571.6049431393394,-3.84719179366767,0.47757998466941604,-5.9617066984884595,2.49616901632044e-09,1.78832680240672e-07,iraP,anti-adaptor protein for sigma(S) stabilization,
b2080,7323.640581736329,-3.87353261888228,0.750830233270585,-3.8271402662693705,0.000129640647293075,0.00253767072091591,yegP,DUF1508 domain-containing protein YegP,
b4069,6425.26036590937,-3.88665433347539,0.7963222768637429,-3.6249825194446004,0.000288980997793576,0.00514522971811166,acs,acetyl-CoA synthetase (AMP-forming),"eco00010  Glycolysis / Gluconeogenesis, eco00620  Pyruvate metabolism, eco00630  Glyoxylate and dicarboxylate metabolism, eco00640  Propanoate metabolism, eco00680  Methane metabolism, eco01100  Metabolic pathways, eco01110  Biosynthesis of secondary metabolites, eco01120  Microbial metabolism in diverse environments, eco01130  Biosynthesis of antibiotics, eco01200  Carbon metabolism"
b4743,402.972000133034,-3.91582717158782,1.0153610483619202,-2.87171462436137,0.00408251453314884,0.047247254731711,ynaL,protein YnaL,
b3605,3867.987762169221,-3.9230577347973696,0.8622141161194742,-3.39017615247711,0.000698477262520982,0.0112391341332922,lldD,L-lactate dehydrogenase,"eco00620  Pyruvate metabolism, eco01100  Metabolic pathways"
b0753,2931.1057169402,-3.96326067400937,0.797868160703025,-3.71397283405614,0.000204030705941965,0.00372077814654166,ybgS,PF13985 family protein YbgS,
b1190,3682.12627248481,-4.025561976209399,0.495632137367519,-6.10445075712654,1.0315478715066398e-09,8.388993365847219e-08,dadX,alanine racemase 2,"eco00473  D-Alanine metabolism, eco01100  Metabolic pathways, eco01502  Vancomycin resistance"
b0329,3828.3344755274397,-4.028930876383391,1.02027357662859,-2.96874382103694,0.0029901977132671697,0.0369451314776224,yahO,DUF1471 domain-containing protein YahO,
b2086,1855.38106254067,-4.03663700098596,0.7438934795497281,-4.08208578844381,4.4633314133949895e-05,0.00103308955560812,yegS,lipid kinase,
b3126,1469.25282558774,-4.04592869626122,1.02414254863447,-2.9741257213876002,0.00293824662776595,0.0368382670956156,garL,alpha-dehydro-beta-deoxy-D-glucarate aldolase,"eco00053  Ascorbate and aldarate metabolism, eco01100  Metabolic pathways"
b2661,5409.36182847459,-4.109383132745109,0.715096050015707,-4.34820347934632,1.3725723141485001e-05,0.000378905513144298,gabD,NADP(+)-dependent succinate-semialdehyde dehydrogenase,"eco00250  Alanine, aspartate and glutamate metabolism, eco00310  Lysine degradation, eco00350  Tyrosine metabolism, eco00650  Butanoate metabolism, eco00760  Nicotinate and nicotinamide metabolism, eco01100  Metabolic pathways, eco01120  Microbial metabolism in diverse environments"
b1071,1331.20402683291,-4.1357613427469,0.82043948038608,-3.8220507639043397,0.000132346435519554,0.00256922854502153,flgM,anti-sigma factor for FliA (sigma(28)),"eco02020  Two-component system, eco02026  Biofilm formation - Escherichia coli, eco02040  Flagellar assembly"
b2414,30805.6911589917,-4.14930079942445,0.546958754840551,-5.757839638827111,8.519723098757148e-09,5.826328819127329e-07,cysK,O-acetylserine sulfhydrylase A,"eco00270  Cysteine and methionine metabolism, eco00920  Sulfur metabolism, eco01100  Metabolic pathways, eco01110  Biosynthesis of secondary metabolites, eco01120  Microbial metabolism in diverse environments, eco01130  Biosynthesis of antibiotics, eco01200  Carbon metabolism, eco01230  Biosynthesis of amino acids"
b4149,885.762273805589,-4.17995118002184,0.918589929133777,-3.46177448627214,0.000536626600168584,0.009071401347793641,blc,outer membrane lipoprotein Blc,
b1732,1796.5531572651,-4.21274224596147,0.969895912591786,-3.31246085714113,0.0009247906617037481,0.0143437891807556,katE,catalase II,"eco00380  Tryptophan metabolism, eco00630  Glyoxylate and dicarboxylate metabolism, eco01100  Metabolic pathways, eco01110  Biosynthesis of secondary metabolites, eco01130  Biosynthesis of antibiotics, eco01200  Carbon metabolism"
b2976,13038.906862461201,-4.21348035478378,1.02251611317865,-3.14271854826244,0.0016738670373575599,0.0232104420064926,glcB,malate synthase G,"eco00620  Pyruvate metabolism, eco00630  Glyoxylate and dicarboxylate metabolism, eco01100  Metabolic pathways, eco01110  Biosynthesis of secondary metabolites, eco01120  Microbial metabolism in diverse environments, eco01200  Carbon metabolism"
b1189,5493.36582230166,-4.22468316121008,0.532649412197866,-6.054044343922389,1.4125369875627802e-09,1.08982661425036e-07,dadA,D-amino acid dehydrogenase,"eco00360  Phenylalanine metabolism, eco01100  Metabolic pathways"
b4116,879.795420603806,-4.23691123070892,0.8774207945749859,-3.6891207169039704,0.000225030433000287,0.00407901549938472,adiY,DNA-binding transcriptional activator AdiY,
b3516,8401.79740192467,-4.3433956277053705,0.715615867962402,-4.6720535099719696,2.9820324191108e-06,0.000109426043281761,gadX,DNA-binding transcriptional dual regulator GadX,
b3496,1333.13064989334,-4.35634484828248,0.839321294633119,-3.9988796540061498,6.3643028844212e-05,0.00138769473762488,dtpB,dipeptide/tripeptide:H(+) symporter DtpB,
b1444,1729.55274967571,-4.37703124693658,1.05464496717787,-3.20205505362929,0.00136450917344864,0.01962196663314,patD,gamma-aminobutyraldehyde dehydrogenase,"eco00310  Lysine degradation, eco00330  Arginine and proline metabolism, eco00410  beta-Alanine metabolism, eco01100  Metabolic pathways, eco01120  Microbial metabolism in diverse environments"
b1925,974.6907478461541,-4.414574454955,1.05854434878118,-3.22572640332603,0.0012565341047981698,0.0187173817888005,fliS,flagellar biosynthesis protein FliS,eco02040  Flagellar assembly
b0724,7142.539774564179,-4.41687165060201,0.606801618102185,-5.6309534264073395,1.7921612198089298e-08,1.17230719791415e-06,sdhB,"succinate:quinone oxidoreductase, iron-sulfur cluster binding protein","eco00020  Citrate cycle (TCA cycle), eco00190  Oxidative phosphorylation, eco00650  Butanoate metabolism, eco01100  Metabolic pathways, eco01110  Biosynthesis of secondary metabolites, eco01120  Microbial metabolism in diverse environments, eco01130  Biosynthesis of antibiotics, eco01200  Carbon metabolism"
b1443,854.672231384766,-4.42324702081392,1.07174797838538,-3.19407835596867,0.00140278036998735,0.0199102176098676,ydcV,putative ABC transporter membrane subunit YdcV,eco02024  Quorum sensing
b1883,3486.40832081322,-4.42388785164672,1.16804295984159,-2.9313030165526497,0.0033754335878513,0.0404648592264723,cheB,protein-glutamate methylesterase/protein glutamine deamidase,"eco02020  Two-component system, eco02030  Bacterial chemotaxis"
b1881,1136.36021347041,-4.44990827379534,1.07257837868168,-3.21646263095074,0.00129781434151158,0.0191427615372959,cheZ,chemotaxis protein CheZ,eco02030  Bacterial chemotaxis
b1927,8889.520834878109,-4.46545989894265,0.786666414521827,-4.40524704623258,1.05663387724023e-05,0.000317941133661585,amyA,alpha-amylase,"eco00500  Starch and sucrose metabolism, eco01100  Metabolic pathways"
b1888,3059.76316861027,-4.47428749871636,1.0994212947703899,-3.1601056985547595,0.0015771191317775,0.0221754741472827,cheA,chemotaxis protein CheA,"eco02020  Two-component system, eco02030  Bacterial chemotaxis"
b0727,73011.1061887798,-4.4833126702860495,0.6261957300386579,-5.562657972884951,2.65696323451767e-08,1.7010217814178e-06,sucB,dihydrolipoyltranssuccinylase,"eco00020  Citrate cycle (TCA cycle), eco00310  Lysine degradation, eco00380  Tryptophan metabolism, eco01100  Metabolic pathways, eco01110  Biosynthesis of secondary metabolites, eco01120  Microbial metabolism in diverse environments, eco01130  Biosynthesis of antibiotics, eco01200  Carbon metabolism"
b0728,30512.5766638514,-4.48737767361169,0.49938073695199,-6.98340447590585,2.8811136992060602e-12,4.1282243432909704e-10,sucC,succinyl-CoA synthetase subunit beta,"eco00020  Citrate cycle (TCA cycle), eco00640  Propanoate metabolism, eco00660  C5-Branched dibasic acid metabolism, eco01100  Metabolic pathways, eco01110  Biosynthesis of secondary metabolites, eco01120  Microbial metabolism in diverse environments, eco01130  Biosynthesis of antibiotics, eco01200  Carbon metabolism"
b1442,74.67358725188579,-4.49326461566993,1.15413251371427,-3.02674482709769,0.00247202542398483,0.0323063213061668,ydcU,putative ABC transporter membrane subunit YdcU,eco02024  Quorum sensing
b1882,1979.27037594935,-4.51661347332726,1.02291889606421,-3.4378223795237406,0.000586412218761197,0.00974869815609084,cheY,chemotaxis protein CheY,"eco02020  Two-component system, eco02030  Bacterial chemotaxis"
b1004,6148.124788454301,-4.52642613248958,0.778128978357734,-4.53193009201664,5.844719379584771e-06,0.000195043074463282,wrbA,NAD(P)H:quinone oxidoreductase,"eco00130  Ubiquinone and other terpenoid-quinone biosynthesis, eco01100  Metabolic pathways, eco01110  Biosynthesis of secondary metabolites"
b0790,351.706246172999,-4.5694450162447,0.9393153208125071,-3.80004982049811,0.00014466700072116398,0.00279040387929476,ybhP,endonuclease/exonuclease/phosphatase domain-containing protein YbhP,
b2662,4735.20757130165,-4.600522641965981,0.827834198301402,-4.34932822218958,1.3655520048982e-05,0.000378905513144298,gabT,4-aminobutyrate aminotransferase GabT,"eco00250  Alanine, aspartate and glutamate metabolism, eco00280  Valine, leucine and isoleucine degradation, eco00310  Lysine degradation, eco00410  beta-Alanine metabolism, eco00640  Propanoate metabolism, eco00650  Butanoate metabolism, eco01100  Metabolic pathways, eco01120  Microbial metabolism in diverse environments"
b3128,1498.1320574005201,-4.627899207819921,0.8949120450066271,-4.05391706152872,5.0367079836360403e-05,0.00113100405393738,garD,galactarate dehydratase,"eco00053  Ascorbate and aldarate metabolism, eco01100  Metabolic pathways"
b1256,1237.24894309602,-4.74732338421238,0.8886432448154101,-4.2169041469400605,2.47679191972343e-05,0.00062105557387065,ompW,outer membrane protein W,
b4153,2191.0401803068,-4.749443430926339,0.5499143373835711,-6.818231815460139,9.21678360548957e-12,1.06666545649685e-09,frdB,fumarate reductase iron-sulfur protein,"eco00020  Citrate cycle (TCA cycle), eco00190  Oxidative phosphorylation, eco00620  Pyruvate metabolism, eco00650  Butanoate metabolism, eco01100  Metabolic pathways, eco01110  Biosynthesis of secondary metabolites, eco01120  Microbial metabolism in diverse environments, eco01130  Biosynthesis of antibiotics, eco01200  Carbon metabolism, eco02020  Two-component system"
b4467,4162.148861093039,-4.761804599217361,1.01046120340265,-3.72285901383425,0.000196979526695662,0.00361409387699541,glcF,"glycolate dehydrogenase, putative iron-sulfur subunit","eco00630  Glyoxylate and dicarboxylate metabolism, eco01100  Metabolic pathways, eco01110  Biosynthesis of secondary metabolites, eco01120  Microbial metabolism in diverse environments, eco01130  Biosynthesis of antibiotics"
b1194,575.529048656368,-4.80200878397472,1.2090590138450201,-3.14460149623604,0.00166313208824947,0.0231683539515864,ycgR,flagellar brake protein YcgR,eco02026  Biofilm formation - Escherichia coli
b2751,2961.73790484229,-4.824040820192071,0.611956020080137,-6.24888177371194,4.1340168031551696e-10,3.5540733030554e-08,cysN,sulfate adenylyltransferase subunit 1,"eco00230  Purine metabolism, eco00261  Monobactam biosynthesis, eco00450  Selenocompound metabolism, eco00920  Sulfur metabolism, eco01100  Metabolic pathways, eco01120  Microbial metabolism in diverse environments, eco01130  Biosynthesis of antibiotics"
b1887,2536.7293488505497,-4.94855050887459,1.05794870798411,-3.7322702689419103,0.000189761737065798,0.0035465407877701,cheW,chemotaxis protein CheW,"eco02020  Two-component system, eco02030  Bacterial chemotaxis"
b1051,17988.574014218302,-5.04594131267805,1.04251631942411,-3.88093810839627,0.00010405432093575,0.00211553683578156,msyB,acidic protein that suppresses heat sensitivity of a secY mutant,
b0722,2285.3034706572503,-5.13674945652049,0.655671276032165,-6.30918206689528,2.80513972930285e-10,2.6377079517100804e-08,sdhD,"succinate:quinone oxidoreductase, membrane protein SdhD","eco00020  Citrate cycle (TCA cycle), eco00190  Oxidative phosphorylation, eco00650  Butanoate metabolism, eco01100  Metabolic pathways, eco01110  Biosynthesis of secondary metabolites, eco01120  Microbial metabolism in diverse environments, eco01130  Biosynthesis of antibiotics, eco01200  Carbon metabolism"
b2423,702.6093127306771,-5.20948476528499,0.5800405556087559,-7.257224903639901,3.95112457486452e-13,6.9934904975102e-11,cysW,sulfate/thiosulfate ABC transporter inner membrane subunit CysW,"eco00920  Sulfur metabolism, eco02010  ABC transporters"
b0723,19729.3931802239,-5.24373981196105,0.523275210667336,-8.109957677049099,5.0637396278963e-16,1.523679254034e-13,sdhA,"succinate:quinone oxidoreductase, FAD binding protein","eco00020  Citrate cycle (TCA cycle), eco00190  Oxidative phosphorylation, eco00650  Butanoate metabolism, eco01100  Metabolic pathways, eco01110  Biosynthesis of secondary metabolites, eco01120  Microbial metabolism in diverse environments, eco01130  Biosynthesis of antibiotics, eco01200  Carbon metabolism"
b2762,2708.65243591406,-5.25191609440129,0.5702733997495301,-7.4559256950592,8.92390303782279e-14,1.9180017314863397e-11,cysH,phosphoadenosine phosphosulfate reductase,"eco00920  Sulfur metabolism, eco01100  Metabolic pathways, eco01120  Microbial metabolism in diverse environments"
b2422,1906.98772780202,-5.3349977508036295,0.623755742981235,-6.94983220528687,3.65720939763857e-12,4.784583946736721e-10,cysA,sulfate/thiosulfate ABC transporter ATP binding subunit,"eco00920  Sulfur metabolism, eco02010  ABC transporters"
b1742,157.402424783454,-5.3465302325213795,1.128422069217,-3.8518656725115097,0.00011722132246444299,0.00235145972863673,ves,HutD family protein Ves,
b4154,6781.357668208289,-5.36902275085066,0.5623304155921209,-7.769493930450441,7.88003187573315e-15,1.9759179928400898e-12,frdA,fumarate reductase flavoprotein subunit,"eco00020  Citrate cycle (TCA cycle), eco00190  Oxidative phosphorylation, eco00620  Pyruvate metabolism, eco00650  Butanoate metabolism, eco01100  Metabolic pathways, eco01110  Biosynthesis of secondary metabolites, eco01120  Microbial metabolism in diverse environments, eco01130  Biosynthesis of antibiotics, eco01200  Carbon metabolism, eco02020  Two-component system"
b2425,2719.60525237313,-5.45235229375818,0.6747087216632961,-6.59892506322168,4.14149568144534e-11,4.153920168489671e-09,cysP,thiosulfate/sulfate ABC transporter periplasmic binding protein CysP,"eco00920  Sulfur metabolism, eco02010  ABC transporters"
b2424,1165.4882451009,-5.4777304243519405,0.677591712843145,-6.608301635749901,3.88753983715101e-11,4.033657713788761e-09,cysU,sulfate/thiosulfate ABC transporter inner membrane subunit CysU,"eco00920  Sulfur metabolism, eco02010  ABC transporters"
b1702,29154.2202231941,-5.486802988312889,0.404070684894344,-11.104005205144,1.19945517343285e-28,1.8045803084297197e-25,ppsA,phosphoenolpyruvate synthetase,"eco00620  Pyruvate metabolism, eco00680  Methane metabolism, eco01100  Metabolic pathways, eco01120  Microbial metabolism in diverse environments, eco01200  Carbon metabolism"
b2750,846.923706762848,-5.57169030963974,0.6267330863647579,-7.294477360620821,2.99820634655764e-13,6.014401931194629e-11,cysC,adenylyl-sulfate kinase,"eco00230  Purine metabolism, eco00920  Sulfur metabolism, eco01100  Metabolic pathways, eco01120  Microbial metabolism in diverse environments"
b2979,3904.9350346341103,-5.610869086457339,1.16451182708403,-3.95948669581407,7.51110283896789e-05,0.00160290130797549,glcD,"glycolate dehydrogenase, putative FAD-linked subunit","eco00630  Glyoxylate and dicarboxylate metabolism, eco01100  Metabolic pathways, eco01110  Biosynthesis of secondary metabolites, eco01120  Microbial metabolism in diverse environments, eco01130  Biosynthesis of antibiotics"
b2752,8891.89471800435,-5.627920437895349,0.8595294641308001,-5.38424874425374,7.27478434011968e-08,4.37796521588402e-06,cysD,sulfate adenylyltransferase subunit 2,"eco00230  Purine metabolism, eco00261  Monobactam biosynthesis, eco00450  Selenocompound metabolism, eco00920  Sulfur metabolism, eco01100  Metabolic pathways, eco01120  Microbial metabolism in diverse environments, eco01130  Biosynthesis of antibiotics"
b2659,2853.67674048539,-5.634765808532849,1.06369623712581,-4.35722685365171,1.31720725520282e-05,0.000372145384683318,csiD,PF08943 family protein CsiD,"eco00310  Lysine degradation, eco01100  Metabolic pathways, eco01120  Microbial metabolism in diverse environments"
b4152,845.213302299622,-5.72515451100128,0.781221069380626,-6.048421754353759,1.4627163094750799e-09,1.1003283438026302e-07,frdC,fumarate reductase membrane protein FrdC,"eco00020  Citrate cycle (TCA cycle), eco00190  Oxidative phosphorylation, eco00620  Pyruvate metabolism, eco00650  Butanoate metabolism, eco01100  Metabolic pathways, eco01110  Biosynthesis of secondary metabolites, eco01120  Microbial metabolism in diverse environments, eco01130  Biosynthesis of antibiotics, eco01200  Carbon metabolism, eco02020  Two-component system"
b0485,3430.3917573803697,-5.860801017696461,1.19410723766769,-4.07065702674283,4.68807279151865e-05,0.0010606324082465901,glsA,glutaminase 1,"eco00220  Arginine biosynthesis, eco00250  Alanine, aspartate and glutamate metabolism, eco00471  D-Glutamine and D-glutamate metabolism, eco01100  Metabolic pathways"
b1746,808.032518655181,-5.98704577379907,1.00892643015654,-4.9429231158364,7.695984003604909e-07,3.45630087564883e-05,astD,aldehyde dehydrogenase,"eco00330  Arginine and proline metabolism, eco01100  Metabolic pathways"
b4468,1334.37718725634,-6.00931228894558,1.20733710804343,-4.149058498718319,3.33845497665434e-05,0.0008101137923187839,glcE,"glycolate dehydrogenase, putative FAD-binding subunit","eco00630  Glyoxylate and dicarboxylate metabolism, eco01100  Metabolic pathways, eco01110  Biosynthesis of secondary metabolites, eco01120  Microbial metabolism in diverse environments, eco01130  Biosynthesis of antibiotics"
b1745,1224.70504021116,-6.03732577754118,1.0009486704557,-5.032551544574071,4.83994415073612e-07,2.3489341854137102e-05,astB,N-succinylarginine dihydrolase,"eco00330  Arginine and proline metabolism, eco01100  Metabolic pathways"
b3708,5491.80993505126,-6.29720718137725,1.64958979194028,-3.2112269409394103,0.00132169512435564,0.0193311817311876,tnaA,tryptophanase,"eco00380  Tryptophan metabolism, eco01100  Metabolic pathways"
b1744,772.982083669846,-6.35391152582912,1.04020349863791,-5.146984732160361,2.6470686243375e-07,1.32750491510525e-05,astE,succinylglutamate desuccinylase,"eco00330  Arginine and proline metabolism, eco01100  Metabolic pathways"
b2764,4342.569040795271,-6.4082875427148,0.555364865758125,-9.73826015322734,2.0706913908039396e-22,1.5576775987322598e-19,cysJ,"sulfite reductase, flavoprotein subunit","eco00920  Sulfur metabolism, eco01100  Metabolic pathways, eco01120  Microbial metabolism in diverse environments"
b2763,5896.483202082641,-6.44357267558269,0.5086372329058171,-10.7022693649143,9.931561488195658e-27,9.96135617266024e-24,cysI,"sulfite reductase, hemoprotein subunit","eco00920  Sulfur metabolism, eco01100  Metabolic pathways, eco01120  Microbial metabolism in diverse environments"
b3506,5297.82898588768,-6.47626024771033,1.17628615741285,-4.65555104359548,3.2311534047847998e-06,0.000115831492131729,slp,starvation lipoprotein,
b1748,1219.5321804529199,-6.53005686562484,1.00001754650803,-5.529959834140179,3.20304118710211e-08,2.00790644416464e-06,astC,succinylornithine transaminase,"eco00330  Arginine and proline metabolism, eco01100  Metabolic pathways"
b3512,3700.9995006362105,-7.07452713459739,1.35563890075607,-4.48093303549308,7.43174283966794e-06,0.00023539067583748302,gadE,DNA-binding transcriptional activator GadE,
b4239,9152.209517270641,-7.23659284254395,0.9314380396269479,-6.69566044891379,2.1469972854393803e-11,2.30725529710253e-09,treC,trehalose-6-phosphate hydrolase,"eco00500  Starch and sucrose metabolism, eco01100  Metabolic pathways"
b4240,9392.929103311659,-8.672756588303361,0.94358184646117,-8.13152204769457,4.23933400033588e-16,1.4173506674456302e-13,treB,trehalose-specific PTS enzyme IIBC component,"eco00500  Starch and sucrose metabolism, eco02060  Phosphotransferase system (PTS)"
